pdb_id,protein_id,oligomeric_state
1B9C,gfphal,
1BFP,seqclust_1,weak_dimer
1C4F,gfp-s65t,dimer
1CV7,enhanced-cyan-emitting-gfp,
1EMA,gfp-s65t,dimer
1EMB,sg12,
1EMC,sg11,
1EME,sg11,
1EMF,sg50,dimer
1EMG,gfp-s65t,dimer
1EMK,sg25,
1EML,sg11,
1EMM,sg12,
1F09,seqclust_2,
1F0B,seqclust_2,
1G7K,dsred,tetramer
1GFL,avgfp,dimer
1GGX,dsred,tetramer
1H6R,avgfp523,
1HCJ,q80r,dimer
1HUY,citrine,weak_dimer
1JBY,degfp1,
1JBZ,degfp1,
1JC0,rogfp1,
1JC1,rogfp2,
1KP5,seqclust_3,
1KYP,bfpsol,
1KYR,bfpsol,
1KYS,bfpsol,
1MOU,rtms5,tetramer
1MOV,rtms5,tetramer
1MYW,venus,weak_dimer
1Q4A,gfp-s65t,dimer
1Q4B,gfp-s65t,dimer
1Q4C,seqclust_4,
1Q4D,seqclust_4,
1Q4E,seqclust_5,
1Q73,seqclust_6,
1QXT,seqclust_7,
1QY3,folding-reporter-gfp,dimer
1QYF,seqclust_8,
1QYO,seqclust_9,
1QYQ,bfpsol,
1RM9,avgfp480,monomer
1RMM,avgfp510,
1RMO,egfp,weak_dimer
1RMP,avgfp509,
1RRX,3-ftyr-egfp,
1S6Z,sg12,
1UIS,eqfp611,tetramer
1W7S,q80r,dimer
1W7T,q80r,dimer
1W7U,q80r,dimer
1XA9,zfp538,
1XAE,zfp538,tetramer
1XMZ,pdb_1XMZ,
1XQM,asulcp,
1XSS,kikg,tetramer
1YFP,eyfp,weak_dimer
1YHG,seqclust_10,
1YHH,seqclust_11,
1YHI,gfphal,
1YJ2,gfphal,
1YJF,gfphal,
1YZW,hcred,tetramer
1Z1P,sg12,
1Z1Q,sg12,
1ZGO,dsred,tetramer
1ZGP,seqclust_12,tetramer
1ZGQ,seqclust_13,tetramer
1ZUX,seqclust_14,tetramer
2A46,amfp486,tetramer
2A47,amfp515,tetramer
2A48,amfp506,tetramer
2A50,pdb_2A50,
2A52,pdb_2A52,
2A53,pdb_2A53,
2A54,pdb_2A54,
2A56,pdb_2A56,
2AH8,rogfp1-r1,
2AHA,rogfp1-r8,
2ARL,seqclust_15,
2AWJ,seqclust_16,
2AWK,seqclust_17,
2AWL,seqclust_18,
2AWM,seqclust_19,
2B3P,superfolder-gfp,weak_dimer
2B3Q,folding-reporter-gfp,dimer
2BTJ,eosfp,tetramer
2C9I,asfp499,
2C9J,seqclust_20,
2DD7,cpygfp,dimer
2DD9,cpygfp,dimer
2DDC,seqclust_21,
2DDD,seqclust_21,
2DUE,seqclust_22,
2DUF,seqclust_22,
2DUG,seqclust_23,
2DUH,seqclust_23,
2DUI,seqclust_22,
2EMD,sg42,dimer
2EMN,sg12,dimer
2EMO,sg50,dimer
2FL1,zoan2rfp,
2FWQ,bfpsol,
2FZU,bfpsol,
2G16,pdb_2G16,
2G2S,pdb_2G2S,
2G3D,pdb_2G3D,
2G3O,pplugfp2,monomer
2G5Z,pdb_2G5Z,
2G6E,bfpsol,
2G6X,turbogfp,dimer
2G6Y,turbogfp,dimer
2GW3,kaede,tetramer
2GW4,pdb_2GW4,tetramer
2GX0,dronpa,monomer
2GX2,dronpa-c62s,
2H5O,morange,monomer
2H5P,seqclust_24,monomer
2H5Q,mcherry,monomer
2H5R,mstrawberry,monomer
2H6V,eyfp,weak_dimer
2H8Q,seqclust_25,tetramer
2H9W,eyfp,weak_dimer
2HCG,bfpsol,
2HFC,seqclust_26,
2HGD,gfphal,
2HGY,gfphal,
2HJO,seqclust_27,
2HPW,seqclust_28,
2HQK,mtfp1,monomer
2HQZ,seqclust_29,
2HRS,seqclust_30,
2IB5,cjblue,tetramer
2IB6,cjblue,tetramer
2ICR,zoan2rfp,
2IE2,dronpa,monomer
2IOV,dronpa,monomer
2JAD,seqclust_31,
2O24,eyfp,weak_dimer
2O29,eyfp,weak_dimer
2O2B,eyfp,weak_dimer
2OGR,zfp538,
2OJK,zsgreen,tetramer
2OKW,egfp205c,
2OKY,egfp203c,
2OTB,mtfp07,monomer
2OTE,mtfp07,monomer
2P4M,seqclust_32,
2POX,dronpa,monomer
2PXS,zsgreen,tetramer
2PXW,zsgreen,tetramer
2Q57,cerulean,weak_dimer
2Q6P,superfolder-gfp,weak_dimer
2QLE,seqclust_33,
2QLG,mplum,monomer
2QLH,seqclust_34,monomer
2QLI,seqclust_35,monomer
2QRF,seqclust_36,
2QT2,seqclust_37,
2QU1,gfphal,
2QZ0,seqclust_38,
2RH7,rrgfp,
2V4E,dsred-max,tetramer
2VAD,dsredm1,monomer
2VAE,dsredt4,tetramer
2VVH,irisfp,tetramer
2VVI,irisfp,tetramer
2VVJ,irisfp,tetramer
2VZX,dendra2,monomer
2WHS,mkeima,monomer
2WHT,mkeima,monomer
2WHU,mkeima,monomer
2WIQ,killerred,dimer
2WIS,seqclust_39,
2WSN,ecfp,monomer
2WSO,cerulean,weak_dimer
2WUR,p11,
2Y0G,egfp,weak_dimer
2YDZ,scfp3a,monomer
2YE0,mturquoise,monomer
2YE1,turquoise-gl,monomer
2YFP,seqclust_40,
2Z1O,dronpa,monomer
2Z6X,22g,
2Z6Y,dronpa,monomer
2Z6Z,dronpa,monomer
2ZMU,mko,monomer
2ZMW,mko,monomer
3A8S,killerred,dimer
3ADF,mazamigreen,
3AI4,yegfp,
3AI5,yegfp,
3CB9,seqclust_41,
3CBE,seqclust_41,
3CD1,seqclust_42,
3CD9,seqclust_42,
3CFA,seqclust_43,
3CFF,seqclust_44,
3CFH,seqclust_44,
3CGL,dsfp483,tetramer
3DPW,citrine,weak_dimer
3DPX,10b,weak_dimer
3DPZ,10b,weak_dimer
3DQ1,10b,weak_dimer
3DQ2,10b,weak_dimer
3DQ3,10b,weak_dimer
3DQ4,10b,weak_dimer
3DQ5,10b,weak_dimer
3DQ6,10b,weak_dimer
3DQ7,10b,weak_dimer
3DQ8,10b,weak_dimer
3DQ9,10b,weak_dimer
3DQA,10b,weak_dimer
3DQC,10b,weak_dimer
3DQD,10b,weak_dimer
3DQE,10b,weak_dimer
3DQF,10b,weak_dimer
3DQH,10b,weak_dimer
3DQI,10b,weak_dimer
3DQJ,10b,weak_dimer
3DQK,10b,weak_dimer
3DQL,10b,weak_dimer
3DQM,10b,weak_dimer
3DQN,10b,weak_dimer
3DQO,10b,weak_dimer
3DQU,10b,weak_dimer
3E5T,eqfp611-v124t,dimer
3E5V,rfp630,tetramer
3E5W,seqclust_45,tetramer
3ED8,seqclust_46,
3EVP,cegfp,
3EVR,gcamp2,
3G9A,gfphal,
3GB3,killerred,dimer
3GEX,cypet,weak_dimer
3GJ1,c3pa-gfp,
3GJ2,c3pa-gfp,
3GL4,killerred,dimer
3H1O,seqclust_47,
3H1R,seqclust_47,
3I19,cypet,weak_dimer
3IP2,neptune,dimer
3IR8,mkeima,monomer
3K1K,gfphal,
3KCS,seqclust_48,monomer
3KCT,seqclust_48,monomer
3LA1,cypet,weak_dimer
3LF3,seqclust_49,
3LF4,blue102,
3LVA,acegfp,monomer
3LVC,acgfp1,weak_dimer
3LVD,acgfp1,weak_dimer
3MGF,mko,monomer
3NED,mrouge,monomer
3NEZ,mrojoa,monomer
3NF0,seqclust_50,monomer
3OGO,rsgfp7,
3P28,seqclust_51,
3P8U,meosfp,monomer
3PIB,seqclust_52,
3PJ5,katushka,dimer
3PJ7,katushka,dimer
3PJB,seqclust_53,
3RWA,cp-mkate,monomer
3RWT,seqclust_54,
3S05,meos2,weak_dimer
3SRY,seqclust_55,
3SS0,seqclust_55,
3SSH,seqclust_55,
3SSK,seqclust_55,
3SSL,seqclust_55,
3SSP,seqclust_56,
3SST,seqclust_56,
3SSV,seqclust_56,
3SSY,seqclust_56,
3ST0,clomeleon,
3SV5,clomeleon,
3SVB,clomeleon,
3SVC,clomeleon,
3SVD,clomeleon,
3SVE,seqclust_56,
3TMR,irisfp,tetramer
3TMT,irisfp,tetramer
3U0K,rcamp,
3U0L,mruby,monomer
3U0M,mruby,monomer
3U0N,mruby,monomer
3U8P,seqclust_57,
3UFZ,trp-less-gfp,
3UG0,trp-less-gfp,
3V3D,shardonnay,monomer
3VHT,yegfp,
3VIC,seqclust_58,
3VK1,seqclust_59,
3W1C,meyfp,weak_dimer
3W1D,eyfp,weak_dimer
3WCK,mkillerorange,monomer
3ZTF,mturquoise2,monomer
3ZUF,seqclust_60,monomer
3ZUJ,seqclust_61,monomer
3ZUL,padron09,monomer
4ANJ,topaz,weak_dimer
4AR7,mturquoise,monomer
4AS8,cerulean,weak_dimer
4B30,a44-kr,dimer
4B5Y,turquoise-gl,monomer
4BDU,mgfpmut3,weak_dimer
4DKM,bflogfpc1,dimer
4DKN,seqclust_62,
4EDO,eqfp650,dimer
4EDS,eqfp670,dimer
4EMQ,pdm1-4,monomer
4EN1,mcerulean3,monomer
4EUL,egfp,weak_dimer
4GES,gfp-tyr151pyz,dimer
4GF6,gfp-151pytyrcu,
4H3L,mplum-e16p,monomer
4H3M,seqclust_63,monomer
4H3N,seqclust_64,monomer
4H47,cypet,weak_dimer
4H48,cypet,weak_dimer
4HE4,phiyfp,dimer
4HQ8,pcdronpa,tetramer
4HQ9,pcdronpa,tetramer
4HQC,pcdronpa,tetramer
4HVF,lagfp,
4IK1,seqclust_65,
4IK3,seqclust_66,
4IK4,seqclust_66,
4IK5,seqclust_67,
4IK8,seqclust_66,
4IK9,seqclust_66,
4IZN,pcdronpa,tetramer
4J88,seqclust_68,monomer
4J89,seqclust_68,monomer
4J8A,yuzufp,monomer
4JC2,seqclust_69,
4JEO,larfp,
4JF9,larfp,
4JFG,superfolder-bfp,monomer
4JGE,lanrfp-deltas83l,dimer
4JRB,gfpmut3,weak_dimer
4KA9,cgfp,
4KAG,egfp,weak_dimer
4KEX,egfp,weak_dimer
4KF4,sfcherry,
4KF5,tripartitegfp,
4KPI,seqclust_70,weak_dimer
4KW4,seqclust_71,
4KW8,seqclust_71,
4KW9,seqclust_71,
4L12,seqclust_72,
4L13,seqclust_72,
4L1I,seqclust_72,
4LJB,irisfp,tetramer
4LJC,irisfp,tetramer
4LJD,irisfp,tetramer
4LQT,seqclust_73,
4LQU,seqclust_74,
4LW5,seqclust_75,
4N3D,cgfp,
4NDJ,seqclust_76,
4NDK,seqclust_77,
4NWS,pslssmkate,monomer
4OGS,seqclust_78,
4OHS,aq143,tetramer
4OJ0,seqclust_79,monomer
4OQW,mcardinal,monomer
4ORN,seqclust_80,
4OY4,seqclust_81,
4P1Q,seqclust_82,
4P76,kikgr1,tetramer
4P7H,seqclust_83,
4PA0,seqclust_84,
4PFE,vsfgfp-0,dimer
4Q7R,lssmorange,monomer
4Q7T,psmorange,monomer
4Q7U,psmorange2,monomer
4Q9W,mtfp,
4Q9X,seqclust_85,
4R6B,irisfp-m159a,tetramer
4R6D,seqclust_86,
4U2V,mgfpmut3,weak_dimer
4UTS,seqclust_87,monomer
4XBI,seqclust_88,
4XGY,seqclust_89,
4XL5,egfp,weak_dimer
4XOV,seqclust_90,
4XOW,seqclust_90,
4XVP,egfp,weak_dimer
4Z4K,gfpmut3,weak_dimer
4Z4M,gfpmut3,weak_dimer
4ZB1,sgbp,
4ZBL,mkillerorange,monomer
4ZF3,seqclust_91,
4ZF4,seqclust_92,
4ZF5,seqclust_92,
4ZFS,killerorange,dimer
5AQB,seqclust_93,
5B61,esgfp,
5BQL,seqclust_94,
5BT0,superfolder-bfp,monomer
5BTT,superfolder-bfp,monomer
5DPG,seqclust_95,
5DPH,seqclust_96,
5DPI,seqclust_97,
5DPJ,seqclust_98,
5DQB,wascfp,monomer
5DQM,wascfp,monomer
5DRF,wascfp,monomer
5DRG,wascfp,monomer
5DTL,meos2-a69t,monomer
5DTX,rsegfp2,monomer
5DTY,rsegfp2,monomer
5DTZ,rsfolder,monomer
5DU0,rsfolder,monomer
5DY6,superfolder-bfp,monomer
5EHU,seqclust_99,
5EXB,seqclust_100,
5EXC,pdb_5EXC,
5F9G,seqclust_101,
5FGU,yegfp,
5FHV,seqclust_102,monomer
5FVF,irisfp,tetramer
5FVG,irisfp,tetramer
5FVI,irisfp,tetramer
5H87,seqclust_103,
5H88,seqclust_104,
5H89,seqclust_105,
5HBD,yegfp,
5HGE,yegfp,
5HW9,yegfp,
5HZO,seqclust_106,
5HZS,dronpa,monomer
5HZT,dronpa,monomer
5HZU,dronpa,monomer
5J2O,cerulean,weak_dimer
5J3N,seqclust_107,
5JZK,usgfp,dimer
5JZL,mugfp,monomer
5KTG,yegfp,
5LEL,seqclust_108,
5LEM,seqclust_109,
5LK4,mscarlet,monomer
5LTP,mneongreen,monomer
5LTQ,lanyfp,tetramer
5LTR,mneongreen,monomer
5MA3,seqclust_110,
5MA4,seqclust_111,
5MA5,seqclust_112,
5MA6,3-ftyr-egfp,
5MA8,seqclust_113,
5MA9,seqclust_114,
5MAD,seqclust_115,
5MAK,seqclust_116,
5MFC,seqclust_117,
5MSE,seqclust_118,
5N9O,egfp,weak_dimer
5NHN,seqclust_119,
5NI3,yuzufp,monomer
5O89,rsegfp2,monomer
5O8A,rsegfp2,monomer
5O8B,rsegfp2,monomer
5O8C,rsegfp2,monomer
5OOZ,skylan-ns,monomer
5OQ9,skylan-ns,monomer
5OQA,skylan-ns,monomer
5OQE,seqclust_120,
5OX8,ecfp,monomer
5OX9,scfp3a,monomer
5OXA,cerulean,weak_dimer
5OXB,cerulean,weak_dimer
5OXC,cerulean,weak_dimer
5T3I,aquamarine,monomer
5WJ2,clover,weak_dimer
5WJ3,seqclust_121,
5WJ4,seqclust_122,
5WWK,esgfp,
5Y8Q,zsyellow1,
5Y8R,zsyellow1,
5YR2,seqclust_123,
5YR3,seqclust_124,
5Z6Y,seqclust_125,
6AA2,seqclust_126,
6AA6,seqclust_127,
6AA7,adred,
6AS9,yegfp,
6B7R,seqclust_128,
6B7T,seqclust_129,
6B9C,seqclust_130,monomer
6CIU,seqclust_131,
6D38,seqclust_132,
6D39,seqclust_133,
6DEJ,hcred7,dimer
6DQ0,seqclust_95,
6DQ1,seqclust_96,
6EFR,seqclust_134,
6FLL,3-ftyr-egfp,
6FP7,seqclust_135,
6FP8,seqclust_135,
6FWW,seqclust_136,
6GEL,mcerulean2,monomer
6GEZ,mcerulean2,monomer
6GO8,gfpmut2,weak_dimer
6GO9,gfpmut2,weak_dimer
6GOY,meos4b,
6GOZ,seqclust_137,
6GP0,meos4b,
6GP1,pdb_6GP1,
6GQG,gfpmut2,weak_dimer
6GQH,gfpmut2,weak_dimer
6GRM,gfpmut2,weak_dimer
6H01,seqclust_138,
6HR1,seqclust_139,
6HUT,seqclust_140,
6IR6,seqclust_141,
6IR7,seqclust_142,
6J1A,seqclust_143,
6J1B,seqclust_144,
6J1C,seqclust_144,
6JC6,shcp,weak_dimer
6JGH,alphagfp,dimer
6JGI,alphagfp,dimer
6JGJ,alphagfp,dimer
6JXF,seqclust_143,
6KKZ,alphagfp,dimer
6KL0,alphagfp,dimer
6KL1,alphagfp,dimer
6KRG,seqclust_145,
6L02,seqclust_146,
6L27,seqclust_147,
6LNP,seqclust_148,
6LOF,tpapaya001,
6LR7,seqclust_149,
6M63,seqclust_150,
6M9X,seqclust_151,
6M9Y,pdb_6M9Y,
6M9Z,seqclust_152,
6MAS,seqclust_151,
6MXW,seqclust_153,
6MYB,seqclust_154,
6MYC,seqclust_154,
6MZ3,seqclust_155,monomer
6NQJ,seqclust_156,monomer
6NQK,seqclust_156,monomer
6NQL,seqclust_156,monomer
6NQN,seqclust_156,monomer
6NQO,seqclust_156,monomer
6NQP,seqclust_156,monomer
6NQQ,seqclust_156,monomer
6NQR,seqclust_156,monomer
6NQS,seqclust_156,monomer
6NQV,seqclust_156,monomer
6OA8,seqclust_130,monomer
6OFK,seqclust_157,
6OFL,seqclust_157,
6OFM,seqclust_157,
6OFN,seqclust_158,
6OFO,seqclust_159,
6OG8,seqclust_160,
6OG9,seqclust_160,
6OGA,seqclust_160,
6OGB,seqclust_160,
6OGC,seqclust_160,
6PFR,seqclust_161,
6PFS,seqclust_161,
6PFT,seqclust_161,
6PFU,seqclust_161,
6QQ8,cerulean,weak_dimer
6QQ9,cerulean,weak_dimer
6QQA,cerulean,weak_dimer
6QQB,cerulean,weak_dimer
6QSL,seqclust_162,
6QSM,seqclust_162,
6QSO,seqclust_163,
6QUH,seqclust_164,
6QUI,seqclust_164,
6QUJ,seqclust_164,
6S67,aausfp1,dimer
6SM0,seqclust_165,weak_dimer
6T39,seqclust_166,
6T3A,seqclust_166,
6UHJ,seqclust_167,
6UHK,seqclust_168,
6UHL,seqclust_167,
6UHM,seqclust_167,
6UHN,seqclust_167,
6UHO,seqclust_167,
6UHP,seqclust_167,
6UHQ,seqclust_167,
6UHR,seqclust_167,
6UN4,seqclust_169,
6UN5,seqclust_170,
6UN6,seqclust_170,
6UN7,seqclust_170,
6VIO,eyfp,weak_dimer
6WV3,superfolder-bfp,
6WV4,superfolder-bfp,
6WV5,superfolder-bfp,
6WV6,superfolder-bfp,
6WV7,superfolder-bfp,
6WV8,yuzufp,
6WV9,yuzufp,
6WVA,yuzufp,
6WVB,yuzufp,
6WVD,seqclust_171,
6WVE,superfolder-bfp,
6WVF,superfolder-bfp,
6WVG,seqclust_172,
6WVH,superfolder-bfp,
6WVI,yuzufp,
6XWY,mcrispred,monomer
6XZF,cgfp,
6Y1G,seqclust_173,tetramer
6YLM,seqclust_174,monomer
6YLS,meos4b,
6ZQO,eyfp,weak_dimer
6ZSM,seqclust_175,
6ZSN,seqclust_175,
6ZUI,seqclust_176,
7A7K,rsegfp,monomer
7A7L,rsegfp,monomer
7A7M,seqclust_177,
7A7N,seqclust_177,
7A7O,seqclust_178,
7A7P,seqclust_178,
7A7Q,seqclust_179,
7A7R,seqclust_179,
7A7S,rsgreen1,monomer
7A7T,rsgreen1,monomer
7A7U,rsgreen1,monomer
7A7V,rsgreen1,monomer
7A7W,seqclust_180,
7A7X,seqclust_180,
7A7Y,seqclust_181,
7A7Z,seqclust_182,
7A80,seqclust_183,
7A81,seqclust_184,
7A82,seqclust_184,
7A83,seqclust_185,
7A84,seqclust_185,
7A85,seqclust_186,
7A86,seqclust_186,
7A87,seqclust_187,
7A88,seqclust_187,
7A89,seqclust_188,
7A8A,seqclust_188,
7A8B,seqclust_189,
7A8C,seqclust_189,
7A8D,seqclust_190,
7A8E,seqclust_190,
7A8F,seqclust_191,
7A8G,seqclust_192,
7A8H,seqclust_193,
7A8I,seqclust_193,
7A8J,seqclust_194,
7A8K,seqclust_194,
7A8L,seqclust_195,
7A8M,seqclust_196,
7A8N,seqclust_197,
7A8O,seqclust_198,
7AMB,seqclust_199,
7AMF,seqclust_199,
7AMU,seqclust_200,
7BHG,seqclust_201,monomer
7CAO,r-velour,monomer
7CD7,pdb_7CD7,
7CD8,pdb_7CD8,
7DIG,dendfp,tetramer
7E53,superfolder-bfp,monomer
7KM4,seqclust_202,
7LG4,gfpxm191uv,monomer
7O7C,seqclust_203,
7O7D,seqclust_203,
7O7E,seqclust_204,
7O7H,seqclust_204,
7O7U,seqclust_166,
7O7V,seqclust_203,
7O7W,seqclust_204,
7O7X,seqclust_203,
7OIN,lssmscarlet,monomer
7PCA,seqclust_205,
7PCZ,seqclust_206,
7PD0,seqclust_207,
7PNN,mvenus,monomer
7Q6B,seqclust_208,monomer
7QGK,seqclust_209,monomer
7QLI,skylan-ns,monomer
7QLJ,skylan-ns,monomer
7QLK,skylan-ns,monomer
7QLL,skylan-ns,monomer
7QLM,skylan-ns,monomer
7QLN,seqclust_210,monomer
7QLO,seqclust_210,monomer
7RRH,seqclust_211,monomer
7RRI,seqclust_212,monomer
7RRJ,seqclust_213,monomer
7RRK,seqclust_214,monomer
7RY2,msandy2,monomer
7SAH,3-ftyr-egfp,
7SAI,3-ftyr-egfp,
7SAJ,seqclust_215,monomer
7SAK,seqclust_215,monomer
7SAL,seqclust_215,monomer
7SF9,seqclust_216,
7SFA,seqclust_217,
7SWR,gfascp,
7SWS,amilcp,
7SWT,eforcp,tetramer
7SWU,spiscp,
7TSR,seqclust_218,
7TSS,seqclust_218,
7TSU,seqclust_218,
7TSV,seqclust_218,
7UGR,hyperfolder-yfp,weak_dimer
7UGS,monomeric-hyperfolder-yfp,monomer
7UGT,fold6,weak_dimer
7VCM,seqclust_219,
7X2B,seqclust_220,
7Y40,staygold,
7Y96,superfolder-bfp,
7YAO,oxstaygold,
7YEU,seqclust_221,
7YRE,seqclust_222,
7YV3,lime,
7YV5,lime,
7Z7O,seqclust_223,
7Z7P,seqclust_223,
7Z7Q,seqclust_224,
7ZCT,mscarlet3,monomer
8A6G,seqclust_166,
8A6N,seqclust_166,
8A6O,seqclust_166,
8A6P,seqclust_166,
8A6Q,seqclust_166,
8A6R,seqclust_166,
8A6S,seqclust_166,
8A7V,seqclust_166,
8A83,seqclust_166,
8AAB,seqclust_225,monomer
8AHA,seqclust_166,
8AHB,seqclust_166,
8AM4,seqclust_166,
8ARM,seqclust_226,monomer
8B65,seqclust_227,
8B6S,rsgfp7,
8B6T,seqclust_228,
8B7G,seqclust_227,
8BAN,seqclust_229,
8BAV,p11,
8BBJ,p11,
8BGL,rscherryrev14,
8BVG,seqclust_230,
8BXP,seqclust_231,
8BXT,staygold,dimer
8C0N,seqclust_232,
8C0T,seqclust_233,
8C1X,seqclust_234,
8C7I,yuzufp,monomer
8DHR,seqclust_235,
8DPD,seqclust_236,
8DTA,seqclust_237,
8G0I,seqclust_238,
8GOS,seqclust_239,
8GYF,staygold,
8I4J,seqclust_240,
8IYY,seqclust_241,
8IYZ,mturquoise2,monomer
8IZ0,mturquoise2,monomer
8IZ1,seqclust_242,
8IZ2,seqclust_242,
8IZ3,seqclust_241,
8J2H,staygold,
8J2I,staygold,
8J2J,staygold,
8J2K,seqclust_243,
8J2L,seqclust_244,
8J3J,seqclust_245,
8JKC,seqclust_246,
8JKG,seqclust_246,
8JKI,seqclust_246,
8JL2,seqclust_246,
8JL5,seqclust_247,
8JL6,seqclust_247,
8JL7,seqclust_247,
8JLL,seqclust_247,
8JLM,seqclust_248,
8JLS,seqclust_248,
8JLT,seqclust_248,
8JLU,seqclust_248,
8OSI,seqclust_249,
8OVN,seqclust_250,
8OVO,seqclust_250,
8OVP,seqclust_251,
8OVY,yuzufp,monomer
8Q6W,lssmorange,monomer
8Q79,mbaojin,monomer
8QBJ,mbaojin,monomer
8QDD,mbaojin,monomer
8QWJ,seqclust_252,
8RZZ,rrengfp,
8S0G,rrengfp,
8S1L,rrengfp,
8S1V,rrengfp,
8SFS,seqclust_253,
8SFV,seqclust_238,
8SFX,seqclust_238,
8SFZ,pdb_8SFZ,
8SG3,seqclust_238,
8SLC,seqclust_238,
8SMU,seqclust_254,
8SXC,diogenes,monomer
8U20,seqclust_255,
8U21,ccgfp-e6,
8U22,seqclust_256,
8U23,seqclust_257,
8U24,seqclust_258,
8UL0,seqclust_210,monomer
8UL1,seqclust_210,monomer
8UL2,seqclust_210,monomer
8UL3,seqclust_210,monomer
8UL4,seqclust_210,monomer
8UL5,seqclust_210,monomer
8UQQ,seqclust_259,
8XC6,tkeima,tetramer
8XLD,seqclust_260,
8YDO,dkeima570,dimer
8YQ4,seqclust_261,
8ZUP,seqclust_262,
8ZUQ,seqclust_263,
8ZUR,seqclust_262,
8ZUS,alphagfp,dimer
8ZUT,alphagfp,dimer
8ZXH,mscarlet3-h,monomer
8ZXO,mscarlet-h,monomer
9BCF,mugfp,monomer
9C74,yuzufp,monomer
9CJM,mruby3,monomer
9F22,cgfp,
9F23,3-ftyr-egfp,
9F24,cgfp,
9FEL,seqclust_264,monomer
9FEM,mneongreen,monomer
9FEN,nowgfp,monomer
9FEO,lssmorange,monomer
9FEQ,seqclust_265,monomer
9FER,seqclust_266,dimer
9FES,seqclust_267,monomer
9FGI,nowgfp,monomer
9G7Q,stayrose,dimer
9GA0,seqclust_268,
9GVR,meos4b-l93m,monomer
9H25,seqclust_269,
9H26,seqclust_269,
9H27,seqclust_269,
9IRJ,seqclust_270,monomer
9J0Q,seqclust_271,monomer
9J0R,seqclust_272,
9J11,seqclust_271,monomer
9JX2,seqclust_273,
9K8W,seqclust_274,
9K8X,seqclust_275,
9LPU,tkeima,tetramer
9LSA,seqclust_276,
9LSC,seqclust_276,
9LSF,seqclust_276,
9LSW,seqclust_276,
9LYL,seqclust_124,
9MUS,seqclust_277,
9MUT,seqclust_278,
9MUU,seqclust_279,
9MUV,seqclust_278,
9R6H,3-ftyr-egfp,
9TAD,seqclust_280,monomer
9U9D,seqclust_281,
2ZO6,kcy,dimer
2ZO7,kcy-r1,dimer
3BX9,mkate,monomer
3BXA,mkate,monomer
3BXB,mkate,monomer
3BXC,mkate,monomer
3LS3,seqclust_282,
3LSA,seqclust_282,
3ST2,dreiklang,monomer
3ST3,dreiklang,monomer
3ST4,dreiklang,monomer
4ZIO,bdfp20,monomer
5YT1,mneptune684,monomer
6S68,aausfp2,
6U1A,fusionred,monomer
6WEM,seqclust_283,
7DMX,seqclust_284,
7DNA,seqclust_284,
7LQO,seqclust_285,
7LUG,seqclust_286,
7RHA,seqclust_287,
7RHB,seqclust_287,
7RHC,seqclust_287,
8I4K,azamired10,tetramer
8PEI,seqclust_288,
8WGP,dsredm1,monomer
8ZBO,seqclust_289,
9LD5,lssmorange,monomer
9LD8,lssmorange,monomer
9LD9,lssmorange,monomer
9S0T,superfolder-bfp,monomer
