pdb_id,n_chains,used_chain,used_chain_len,recorded_seq_length,used_chain_has_chrom,used_chain_chrom_code,any_other_chain_has_chrom,all_chrom_chains,all_chains_summary,bug_flag
1B9C,4,A,224,225.0,True,CRO,True,"A(224aa,CRO);B(224aa,CRO);C(224aa,CRO);D(224aa,CRO)",A=224;B=224;C=224;D=224,False
1BFP,1,A,226,227.0,True,IIC,False,"A(226aa,IIC)",A=226,False
1C4F,1,A,224,225.0,True,CRO,False,"A(224aa,CRO)",A=224,False
1CV7,1,A,225,226.0,True,CRF,False,"A(225aa,CRF)",A=225,False
1EMA,1,A,225,226.0,True,CRO,False,"A(225aa,CRO)",A=225,False
1EMB,1,A,225,226.0,True,CRO,False,"A(225aa,CRO)",A=225,False
1EMC,4,C,225,226.0,True,GYS,True,"A(224aa,GYS);B(224aa,GYS);C(225aa,GYS);D(224aa,GYS)",A=224;B=224;C=225;D=224,False
1EME,1,A,222,223.0,True,GYS,False,"A(222aa,GYS)",A=222,False
1EMF,1,A,222,223.0,True,CSH,False,"A(222aa,CSH)",A=222,False
1EMG,1,A,225,226.0,True,CRO,False,"A(225aa,CRO)",A=225,False
1EMK,1,A,221,222.0,True,CCY,False,"A(221aa,CCY)",A=221,False
1EML,1,A,220,221.0,True,GYS,False,"A(220aa,GYS)",A=220,False
1EMM,1,A,220,221.0,True,GYS,False,"A(220aa,GYS)",A=220,False
1F09,1,A,225,226.0,True,CR2,False,"A(225aa,CR2)",A=225,False
1F0B,1,A,225,226.0,True,CR2,False,"A(225aa,CR2)",A=225,False
1G7K,4,A,217,218.0,True,CRQ,True,"A(217aa,CRQ);B(217aa,CRQ);C(217aa,CRQ);D(217aa,CRQ)",A=217;B=217;C=217;D=217,False
1GFL,2,A,230,230.0,False,,False,,A=230;B=230,False
1GGX,4,A,216,217.0,True,CRQ,True,"A(216aa,CRQ);B(216aa,CRQ);C(216aa,CRQ);D(216aa,CRQ)",A=216;B=216;C=216;D=216,False
1H6R,3,A,228,229.0,True,PIA,True,"A(228aa,PIA);B(228aa,PIA);C(228aa,PIA)",A=228;B=228;C=228,False
1HCJ,4,C,226,228.0,True,GYS,True,"A(225aa,GYS);B(225aa,GYS);C(226aa,GYS);D(225aa,GYS)",A=225;B=225;C=226;D=225,False
1HUY,1,A,230,231.0,True,CRO,False,"A(230aa,CRO)",A=230,False
1JBY,1,A,223,224.0,True,CRO,False,"A(223aa,CRO)",A=223,False
1JBZ,1,A,223,224.0,True,CRO,False,"A(223aa,CRO)",A=223,False
1JC0,3,A,225,226.0,True,CRO,True,"A(225aa,CRO);B(225aa,CRO);C(225aa,CRO)",A=225;B=225;C=225,False
1JC1,3,A,226,227.0,True,CRO,True,"A(226aa,CRO);B(225aa,CRO);C(225aa,CRO)",A=226;B=225;C=225,False
1KP5,2,A,242,243.0,True,GYS,True,"A(242aa,GYS);B(242aa,GYS)",A=242;B=242,False
1KYP,1,A,225,226.0,True,CRG,False,"A(225aa,CRG)",A=225,False
1KYR,1,A,224,225.0,True,CRG,False,"A(224aa,CRG)",A=224,False
1KYS,1,A,224,225.0,True,CRG,False,"A(224aa,CRG)",A=224,False
1MOU,1,A,218,219.0,True,CRQ,False,"A(218aa,CRQ)",A=218,False
1MOV,1,A,218,219.0,True,CRQ,False,"A(218aa,CRQ)",A=218,False
1MYW,1,A,228,229.0,True,CR2,False,"A(228aa,CR2)",A=228,False
1Q4A,1,A,226,227.0,True,CRO,False,"A(226aa,CRO)",A=226,False
1Q4B,1,A,226,227.0,True,CRO,False,"A(226aa,CRO)",A=226,False
1Q4C,1,A,226,227.0,True,CRO,False,"A(226aa,CRO)",A=226,False
1Q4D,1,A,225,226.0,True,CRO,False,"A(225aa,CRO)",A=225,False
1Q4E,1,A,226,227.0,True,CRO,False,"A(226aa,CRO)",A=226,False
1Q73,1,A,226,227.0,True,CRO,False,"A(226aa,CRO)",A=226,False
1QXT,1,A,226,226.0,False,,False,,A=226,False
1QY3,1,A,227,227.0,False,,False,,A=227,False
1QYF,1,A,224,225.0,True,CRO,False,"A(224aa,CRO)",A=224,False
1QYO,1,A,236,236.0,False,,False,,A=236,False
1QYQ,1,A,224,225.0,False,,False,,A=224,False
1RM9,1,A,223,225.0,True,4F3,False,"A(223aa,4F3)",A=223,False
1RMM,1,A,224,226.0,True,CRO,False,"A(224aa,CRO)",A=224,False
1RMO,1,A,222,224.0,True,CRO,False,"A(222aa,CRO)",A=222,False
1RMP,1,A,222,224.0,True,CRO,False,"A(222aa,CRO)",A=222,False
1RRX,1,A,216,226.0,False,,False,,A=216,False
1S6Z,1,A,226,227.0,True,CR0,False,"A(226aa,CR0)",A=226,False
1UIS,2,A,224,225.0,True,NRQ,True,"A(224aa,NRQ);B(224aa,NRQ)",A=224;B=224,False
1W7S,4,A,227,228.0,True,GYS,True,"A(227aa,GYS);B(226aa,GYS);C(227aa,GYS);D(227aa,GYS)",A=227;B=226;C=227;D=227,False
1W7T,4,A,226,228.0,True,GYS,True,"A(226aa,GYS);B(225aa,GYS);C(226aa,GYS);D(226aa,GYS)",A=226;B=225;C=226;D=226,False
1W7U,4,A,226,228.0,True,GYS,True,"A(226aa,GYS);B(225aa,GYS);C(226aa,GYS);D(226aa,GYS)",A=226;B=225;C=226;D=226,False
1XA9,1,A,224,225.0,True,CH6,False,"A(224aa,CH6)",A=224,False
1XAE,2,A,219,223.0,True,CH7,True,"A(219aa,CH7);B(218aa,CH7)",A=219;B=218,False
1XMZ,4,C,165,166.0,True,CRK,True,"C(165aa,CRK);D(165aa,CRK)",A=59;C=165;B=66;D=165,False
1XQM,1,A,227,228.0,True,CH6,False,"A(227aa,CH6)",A=227,False
1XSS,2,B,224,225.0,True,DYG,True,"A(223aa,DYG);B(224aa,DYG)",A=223;B=224,False
1YFP,2,A,224,225.0,True,CRO,True,"A(224aa,CRO);B(224aa,CRO)",A=224;B=224,False
1YHG,2,A,226,226.0,False,,False,,A=226;B=224,False
1YHH,1,A,229,229.0,False,,False,,A=229,False
1YHI,1,A,227,227.0,False,,False,,A=227,False
1YJ2,1,A,223,224.0,True,CRX,False,"A(223aa,CRX)",A=223,False
1YJF,1,A,225,226.0,False,,False,,A=225,False
1YZW,4,A,220,221.0,True,CRU,True,"A(220aa,CRU);B(220aa,CRU);C(220aa,CRU);D(220aa,CRU)",A=220;B=220;C=220;D=220,False
1Z1P,1,A,226,227.0,True,CR0,False,"A(226aa,CR0)",A=226,False
1Z1Q,1,A,226,227.0,True,CR0,False,"A(226aa,CR0)",A=226,False
1ZGO,4,A,217,218.0,True,CRQ,True,"A(217aa,CRQ);B(217aa,CRQ);C(217aa,CRQ);D(217aa,CRQ)",A=217;B=217;C=217;D=217,False
1ZGP,4,A,217,218.0,True,CRQ,True,"A(217aa,CRQ);B(217aa,CRQ);C(217aa,CRQ);D(217aa,CRQ)",A=217;B=217;C=217;D=217,False
1ZGQ,8,A,217,218.0,True,NRQ,True,"A(217aa,NRQ);B(217aa,NRQ);C(217aa,NRQ);D(217aa,NRQ);E(217aa,NRQ);F(217aa,NRQ);G(217aa,NRQ);H(217aa,NRQ)",A=217;B=217;C=217;D=217;E=217;F=217;G=217;H=217,False
1ZUX,4,A,219,220.0,True,CR8,True,"A(219aa,CR8);B(219aa,CR8);C(219aa,CR8);D(219aa,CR8)",A=219;B=219;C=219;D=219,False
2A46,1,A,217,218.0,True,CR7,False,"A(217aa,CR7)",A=217,False
2A47,1,A,217,218.0,True,CR7,False,"A(217aa,CR7)",A=217,False
2A48,1,A,212,213.0,True,CR7,False,"A(212aa,CR7)",A=212,False
2A50,4,B,167,168.0,True,NRQ,True,"B(167aa,NRQ);D(167aa,NRQ)",A=64;B=167;C=59;D=167,False
2A52,4,B,167,168.0,True,NRQ,True,"B(167aa,NRQ);D(167aa,NRQ)",A=64;B=167;C=63;D=167,False
2A53,4,B,167,168.0,True,NRQ,True,"B(167aa,NRQ);D(167aa,NRQ)",A=64;B=167;C=59;D=167,False
2A54,4,B,167,168.0,True,NRQ,True,"B(167aa,NRQ);D(167aa,NRQ)",A=64;B=167;C=59;D=167,False
2A56,4,B,167,168.0,True,NRQ,True,"B(167aa,NRQ);D(167aa,NRQ)",A=64;B=167;C=59;D=167,False
2AH8,2,A,233,234.0,True,GYS,True,"A(233aa,GYS);B(233aa,GYS)",A=233;B=233,False
2AHA,2,A,225,226.0,True,GYS,True,"A(225aa,GYS);B(225aa,GYS)",A=225;B=225,False
2ARL,1,A,218,219.0,True,CRQ,False,"A(218aa,CRQ)",A=218,False
2AWJ,1,A,227,227.0,False,,False,,A=227,False
2AWK,1,A,224,225.0,True,CRO,False,"A(224aa,CRO)",A=224,False
2AWL,1,A,224,225.0,True,CRO,False,"A(224aa,CRO)",A=224,False
2AWM,1,A,224,225.0,True,CRO,False,"A(224aa,CRO)",A=224,False
2B3P,1,A,228,229.0,True,CRO,False,"A(228aa,CRO)",A=228,False
2B3Q,4,A,226,227.0,True,CRO,True,"A(226aa,CRO);B(226aa,CRO);C(226aa,CRO);D(226aa,CRO)",A=226;B=226;C=226;D=226,False
2BTJ,8,A,158,159.0,True,RC7,True,"A(158aa,RC7);B(158aa,RC7);C(158aa,RC7);D(158aa,RC7)",aa=60;A=158;bb=60;B=158;cc=60;C=158;dd=60;D=158,False
2C9I,8,A,225,226.0,True,CRQ,True,"A(225aa,CRQ);B(224aa,CRQ);C(225aa,CRQ);D(225aa,CRQ);E(225aa,CRQ);F(224aa,CRQ);G(225aa,CRQ);H(224aa,CRQ)",A=225;B=224;C=225;D=225;E=225;F=224;G=225;H=224,False
2C9J,8,D,218,219.0,True,CRQ,True,"A(213aa,CRQ);B(217aa,CRQ);C(217aa,CRQ);D(218aa,CRQ);E(217aa,CRQ);F(215aa,CRQ);G(217aa,CRQ);H(218aa,CRQ)",A=213;B=217;C=217;D=218;E=217;F=215;G=217;H=218,False
2DD7,2,A,214,215.0,True,CR2,True,"A(214aa,CR2);B(213aa,CR2)",A=214;B=213,False
2DD9,4,A,214,215.0,True,CR2,True,"A(214aa,CR2);B(214aa,CR2);C(213aa,CR2);D(214aa,CR2)",A=214;B=214;C=213;D=214,False
2DDC,2,B,224,225.0,True,CR8,True,"A(223aa,CR8);B(224aa,CR8)",A=223;B=224,False
2DDD,2,B,224,225.0,True,CR8,True,"A(223aa,CR8);B(224aa,CR8)",A=223;B=224,False
2DUE,1,A,220,221.0,True,C12,False,"A(220aa,C12)",A=220,False
2DUF,1,A,225,226.0,True,C12,False,"A(225aa,C12)",A=225,False
2DUG,1,A,223,224.0,True,C12,False,"A(223aa,C12)",A=223,False
2DUH,1,A,225,226.0,True,C12,False,"A(225aa,C12)",A=225,False
2DUI,1,A,225,226.0,True,GYS,False,"A(225aa,GYS)",A=225,False
2EMD,1,A,222,223.0,True,CSH,False,"A(222aa,CSH)",A=222,False
2EMN,1,A,221,222.0,True,CSH,False,"A(221aa,CSH)",A=221,False
2EMO,1,A,221,222.0,True,CSH,False,"A(221aa,CSH)",A=221,False
2FL1,4,A,225,226.0,True,XYG,True,"A(225aa,XYG);B(225aa,XYG);C(225aa,XYG);D(225aa,XYG)",A=225;B=225;C=225;D=225,False
2FWQ,1,A,232,233.0,True,XXY,False,"A(232aa,XXY)",A=232,False
2FZU,1,A,233,234.0,True,C12,False,"A(233aa,C12)",A=233,False
2G16,2,B,163,164.0,True,CWR,False,"B(163aa,CWR)",A=62;B=163,False
2G2S,2,B,164,165.0,False,,False,,A=64;B=164,False
2G3D,2,B,165,165.0,False,,False,,A=65;B=165,False
2G3O,6,C,215,216.0,True,CR2,True,"A(211aa,CR2);B(212aa,CR2);C(215aa,CR2);D(215aa,CR2);E(215aa,CR2);F(215aa,CR2)",A=211;B=212;C=215;D=215;E=215;F=215,False
2G5Z,2,B,163,164.0,False,,False,,A=62;B=163,False
2G6E,1,A,228,229.0,True,CRX,False,"A(228aa,CRX)",A=228,False
2G6X,4,B,215,216.0,True,CR2,True,"A(213aa,CR2);B(215aa,CR2);C(215aa,CR2);D(214aa,CR2)",A=213;B=215;C=215;D=214,False
2G6Y,4,B,215,216.0,True,CR2,True,"A(213aa,CR2);B(215aa,CR2);C(215aa,CR2);D(214aa,CR2)",A=213;B=215;C=215;D=214,False
2GW3,2,A,218,219.0,True,CR8,True,"A(218aa,CR8);B(218aa,CR8)",A=218;B=218,False
2GW4,4,B,156,157.0,True,RC7,True,"B(156aa,RC7);D(156aa,RC7)",A=61;B=156;C=61;D=156,False
2GX0,4,A,217,218.0,True,GYC,True,"A(217aa,GYC);B(214aa,GYC);C(217aa,GYC);D(216aa,GYC)",A=217;B=214;C=217;D=216,False
2GX2,12,C,217,218.0,True,GYS,True,"A(214aa,GYS);B(212aa,GYS);C(217aa,GYS);D(214aa,GYS);E(217aa,GYS);F(217aa,GYS);G(214aa,GYS);H(217aa,GYS);I(217aa,GYS);J(216aa,GYS);K(212aa,GYS);L(213aa,GYS)",A=214;B=212;C=217;D=214;E=217;F=217;G=214;H=217;I=217;J=216;K=212;L=213,False
2H5O,2,A,214,215.0,True,CRO,True,"A(214aa,CRO);B(214aa,CRO)",A=214;B=214,False
2H5P,1,A,222,223.0,True,CRO,False,"A(222aa,CRO)",A=222,False
2H5Q,1,A,217,218.0,True,CH6,False,"A(217aa,CH6)",A=217,False
2H5R,1,A,222,223.0,True,CRO,False,"A(222aa,CRO)",A=222,False
2H6V,1,A,233,234.0,True,CRO,False,"A(233aa,CRO)",A=233,False
2H8Q,4,A,216,217.0,True,CRQ,True,"A(216aa,CRQ);B(216aa,CRQ);C(216aa,CRQ);D(216aa,CRQ)",A=216;B=216;C=216;D=216,False
2H9W,1,A,236,238.0,True,CRO,False,"A(236aa,CRO)",A=236,False
2HCG,1,A,233,234.0,True,C99,False,"A(233aa,C99)",A=233,False
2HFC,1,A,232,232.0,False,,False,,A=232,False
2HGD,1,A,225,226.0,False,,False,,A=225,False
2HGY,1,A,225,226.0,False,,False,,A=225,False
2HJO,1,A,223,224.0,True,CRO,False,"A(223aa,CRO)",A=223,False
2HPW,1,A,228,229.0,True,GYS,False,"A(228aa,GYS)",A=228,False
2HQK,1,A,213,214.0,True,PIA,False,"A(213aa,PIA)",A=213,False
2HQZ,1,A,226,227.0,True,CRO,False,"A(226aa,CRO)",A=226,False
2HRS,1,A,225,226.0,True,CRO,False,"A(225aa,CRO)",A=225,False
2IB5,8,A,225,226.0,True,CRQ,True,"A(225aa,CRQ);B(225aa,CRQ);C(225aa,CRQ);D(225aa,CRQ);E(225aa,CRQ);F(225aa,CRQ);G(225aa,CRQ);H(225aa,CRQ)",A=225;B=225;C=225;D=225;E=225;F=225;G=225;H=225,False
2IB6,8,A,225,226.0,False,,False,,A=225;B=225;C=225;D=225;E=225;F=225;G=225;H=225,False
2ICR,4,C,226,227.0,True,XYG,True,"A(225aa,XYG);B(225aa,XYG);C(226aa,XYG);D(225aa,XYG)",A=225;B=225;C=226;D=225,False
2IE2,6,E,214,215.0,True,GYC,True,"A(213aa,GYC);B(213aa,GYC);C(212aa,GYC);D(213aa,GYC);E(214aa,GYC);F(213aa,GYC)",A=213;B=213;C=212;D=213;E=214;F=213,False
2IOV,4,C,220,221.0,True,GYC,True,"A(216aa,GYC);B(216aa,GYC);C(220aa,GYC);D(219aa,GYC)",A=216;B=216;C=220;D=219,False
2JAD,1,A,346,347.0,True,PIA,False,"A(346aa,PIA)",A=346,False
2O24,1,A,236,237.0,True,CRO,False,"A(236aa,CRO)",A=236,False
2O29,1,A,233,234.0,True,CRO,False,"A(233aa,CRO)",A=233,False
2O2B,1,A,233,234.0,True,CRO,False,"A(233aa,CRO)",A=233,False
2OGR,4,A,222,224.0,True,CH7,True,"A(222aa,CH7);B(222aa,CH7);C(222aa,CH7);D(222aa,CH7)",A=222;B=222;C=222;D=222,False
2OJK,2,A,225,226.0,True,NYG,True,"A(225aa,NYG);B(225aa,NYG)",A=225;B=225,False
2OKW,6,A,220,221.0,True,CRO,True,"A(220aa,CRO);B(220aa,CRO);C(220aa,CRO);D(220aa,CRO);E(220aa,CRO);F(220aa,CRO)",A=220;B=220;C=220;D=220;E=220;F=220,False
2OKY,2,A,220,221.0,True,CRO,True,"A(220aa,CRO);B(220aa,CRO)",A=220;B=220,False
2OTB,2,A,213,214.0,True,PIA,True,"A(213aa,PIA);B(213aa,PIA)",A=213;B=213,False
2OTE,2,A,213,214.0,True,PIA,True,"A(213aa,PIA);B(213aa,PIA)",A=213;B=213,False
2P4M,8,A,218,219.0,True,CRQ,True,"A(218aa,CRQ);B(218aa,CRQ);C(218aa,CRQ);D(218aa,CRQ);E(218aa,CRQ);F(218aa,CRQ);G(218aa,CRQ);H(218aa,CRQ)",A=218;B=218;C=218;D=218;E=218;F=218;G=218;H=218,False
2POX,4,B,219,220.0,True,GYC,True,"A(218aa,GYC);B(219aa,GYC);C(215aa,GYC);D(214aa,GYC)",A=218;B=219;C=215;D=214,False
2PXS,2,A,225,227.0,True,XYG,True,"A(225aa,XYG);B(225aa,XYG)",A=225;B=225,False
2PXW,2,A,225,227.0,True,DYG,True,"A(225aa,DYG);B(225aa,DYG)",A=225;B=225,False
2Q57,1,A,226,227.0,True,CRF,False,"A(226aa,CRF)",A=226,False
2Q6P,1,A,213,224.0,True,CRO,False,"A(213aa,CRO)",A=213,False
2QLE,4,A,226,227.0,True,CRO,True,"A(226aa,CRO);B(225aa,CRO);C(225aa,CRO);D(225aa,CRO)",A=226;B=225;C=225;D=225,False
2QLG,2,B,216,217.0,True,NRQ,True,"A(214aa,CH6);B(216aa,NRQ)",A=214;B=216,False
2QLH,2,B,216,217.0,True,NRQ,True,"A(214aa,NRQ);B(216aa,NRQ)",A=214;B=216,False
2QLI,2,B,215,216.0,True,NRQ,True,"A(214aa,NRQ);B(215aa,NRQ)",A=214;B=215,False
2QRF,1,A,225,226.0,False,,False,,A=225,False
2QT2,1,A,226,227.0,False,,False,,A=226,False
2QU1,1,A,231,232.0,True,CRO,False,"A(231aa,CRO)",A=231,False
2QZ0,1,A,224,225.0,True,CRO,False,"A(224aa,CRO)",A=224,False
2RH7,4,B,212,213.0,True,CRO,True,"A(211aa,CRO);B(212aa,CRO);C(211aa,CRO);D(211aa,CRO)",A=211;B=212;C=211;D=211,False
2V4E,8,B,217,218.0,True,NRQ,True,"A(216aa,NRQ);B(217aa,NRQ);C(217aa,NRQ);D(217aa,NRQ);E(216aa,NRQ);F(217aa,NRQ);G(217aa,NRQ);H(217aa,NRQ)",A=216;B=217;C=217;D=217;E=216;F=217;G=217;H=217,False
2VAD,1,A,217,218.0,True,CRQ,False,"A(217aa,CRQ)",A=217,False
2VAE,8,A,216,217.0,True,CRQ,True,"A(216aa,CRQ);B(216aa,CRQ);C(216aa,CRQ);D(216aa,CRQ);E(216aa,CRQ);F(216aa,CRQ);G(216aa,CRQ);H(216aa,CRQ)",A=216;B=216;C=216;D=216;E=216;F=216;G=216;H=216,False
2VVH,4,C,222,223.0,False,,False,,A=220;B=219;C=222;D=220,False
2VVI,4,C,222,223.0,False,,False,,A=217;B=219;C=222;D=219,False
2VVJ,8,B,159,160.0,True,RC7,True,"A(158aa,RC7);B(159aa,RC7);C(158aa,RC7);D(158aa,RC7)",aa=59;A=158;bb=59;B=159;cc=62;C=158;dd=61;D=158,False
2VZX,8,H,226,227.0,False,,False,,A=220;B=222;C=224;D=221;E=222;F=220;G=220;H=226,False
2WHS,4,B,226,227.0,True,CRQ,True,"A(216aa,CRQ);B(226aa,CRQ);C(215aa,CRQ);D(226aa,CRQ)",A=216;B=226;C=215;D=226,False
2WHT,4,B,216,217.0,True,CRQ,True,"A(215aa,CRQ);B(216aa,CRQ);C(215aa,CRQ);D(215aa,CRQ)",A=215;B=216;C=215;D=215,False
2WHU,4,A,215,216.0,True,CRQ,True,"A(215aa,CRQ);B(215aa,CRQ);C(215aa,CRQ);D(215aa,CRQ)",A=215;B=215;C=215;D=215,False
2WIQ,2,B,228,229.0,True,CRQ,True,"A(225aa,CRQ);B(228aa,CRQ)",A=225;B=228,False
2WIS,2,B,229,230.0,True,CRQ,True,"A(225aa,CRQ);B(229aa,CRQ)",A=225;B=229,False
2WSN,1,A,224,225.0,True,CRF,False,"A(224aa,CRF)",A=224,False
2WSO,1,A,224,225.0,True,CRF,False,"A(224aa,CRF)",A=224,False
2WUR,1,A,227,228.0,True,GYS,False,"A(227aa,GYS)",A=227,False
2Y0G,1,A,225,226.0,True,CRO,False,"A(225aa,CRO)",A=225,False
2YDZ,1,A,225,226.0,True,CRF,False,"A(225aa,CRF)",A=225,False
2YE0,1,A,225,226.0,True,SWG,False,"A(225aa,SWG)",A=225,False
2YE1,1,A,225,226.0,True,SWG,False,"A(225aa,SWG)",A=225,False
2YFP,1,A,225,226.0,True,CR2,False,"A(225aa,CR2)",A=225,False
2Z1O,4,C,215,216.0,True,GYC,True,"A(213aa,GYC);B(213aa,GYC);C(215aa,GYC);D(214aa,GYC)",A=213;B=213;C=215;D=214,False
2Z6X,8,A,216,217.0,True,GYC,True,"A(216aa,GYC);B(215aa,GYC);C(214aa,GYC);D(214aa,GYC);E(215aa,GYC);F(215aa,GYC);G(214aa,GYC);H(214aa,GYC)",A=216;B=215;C=214;D=214;E=215;F=215;G=214;H=214,False
2Z6Y,4,A,214,215.0,True,GYC,True,"A(214aa,GYC);B(214aa,GYC);C(213aa,GYC);D(213aa,GYC)",A=214;B=214;C=213;D=213,False
2Z6Z,6,C,217,218.0,True,GYC,True,"A(216aa,GYC);B(215aa,GYC);C(217aa,GYC);D(213aa,GYC);E(216aa,GYC);F(215aa,GYC)",A=216;B=215;C=217;D=213;E=216;F=215,False
2ZMU,1,A,213,214.0,True,CFY,False,"A(213aa,CFY)",A=213,False
2ZMW,4,A,213,214.0,True,CFY,True,"A(213aa,CFY);B(213aa,CFY);C(213aa,CFY);D(213aa,CFY)",A=213;B=213;C=213;D=213,False
3A8S,2,A,220,221.0,True,CRQ,True,"A(220aa,CRQ);B(220aa,CRQ)",A=220;B=220,False
3ADF,2,A,210,211.0,True,CRQ,True,"A(210aa,CRQ);B(209aa,CRQ)",A=210;B=209,False
3AI4,1,A,256,257.0,True,CR2,False,"A(256aa,CR2)",A=256,False
3AI5,1,A,299,300.0,True,CR2,False,"A(299aa,CR2)",A=299,False
3CB9,1,A,228,229.0,True,CRO,False,"A(228aa,CRO)",A=228,False
3CBE,1,A,227,228.0,True,CRO,False,"A(227aa,CRO)",A=227,False
3CD1,1,A,226,227.0,True,CRO,False,"A(226aa,CRO)",A=226,False
3CD9,1,A,226,227.0,True,CRO,False,"A(226aa,CRO)",A=226,False
3CFA,8,A,164,167.0,True,NRQ,True,"A(164aa,NRQ);B(164aa,NRQ);G(164aa,NRQ);H(164aa,NRQ)",L=58;A=164;M=59;B=164;R=58;G=164;S=59;H=164,False
3CFF,8,A,164,167.0,True,NRQ,True,"A(164aa,NRQ);B(164aa,NRQ);G(164aa,NRQ);H(164aa,NRQ)",L=58;A=164;M=58;B=164;R=58;G=164;S=58;H=164,False
3CFH,8,A,164,167.0,True,NRQ,True,"A(164aa,NRQ);B(164aa,NRQ);G(164aa,NRQ);H(164aa,NRQ)",L=58;A=164;M=58;B=164;R=58;G=164;S=58;H=164,False
3CGL,6,A,223,224.0,True,CRQ,True,"A(223aa,CRQ);B(217aa,CRQ);C(220aa,CRQ);D(219aa,CRQ);E(215aa,CRQ)",A=223;B=217;C=220;D=219;E=215;F=60,False
3DPW,1,A,230,231.0,True,CR2,False,"A(230aa,CR2)",A=230,False
3DPX,1,A,230,231.0,True,CR2,False,"A(230aa,CR2)",A=230,False
3DPZ,1,A,230,231.0,True,CR2,False,"A(230aa,CR2)",A=230,False
3DQ1,1,A,230,231.0,True,CR2,False,"A(230aa,CR2)",A=230,False
3DQ2,1,A,230,231.0,True,CR2,False,"A(230aa,CR2)",A=230,False
3DQ3,1,A,230,231.0,True,CR2,False,"A(230aa,CR2)",A=230,False
3DQ4,1,A,230,231.0,True,CR2,False,"A(230aa,CR2)",A=230,False
3DQ5,1,A,230,231.0,True,CR2,False,"A(230aa,CR2)",A=230,False
3DQ6,1,A,230,231.0,True,CR2,False,"A(230aa,CR2)",A=230,False
3DQ7,1,A,230,231.0,True,CR2,False,"A(230aa,CR2)",A=230,False
3DQ8,1,A,230,231.0,True,CR2,False,"A(230aa,CR2)",A=230,False
3DQ9,1,A,230,231.0,True,CR2,False,"A(230aa,CR2)",A=230,False
3DQA,1,A,230,231.0,True,CR2,False,"A(230aa,CR2)",A=230,False
3DQC,1,A,230,231.0,True,CR2,False,"A(230aa,CR2)",A=230,False
3DQD,1,A,230,231.0,True,CR2,False,"A(230aa,CR2)",A=230,False
3DQE,1,A,230,231.0,True,CR2,False,"A(230aa,CR2)",A=230,False
3DQF,1,A,230,231.0,True,CR2,False,"A(230aa,CR2)",A=230,False
3DQH,1,A,230,231.0,True,CR2,False,"A(230aa,CR2)",A=230,False
3DQI,1,A,230,231.0,True,CR2,False,"A(230aa,CR2)",A=230,False
3DQJ,1,A,230,231.0,True,CR2,False,"A(230aa,CR2)",A=230,False
3DQK,1,A,230,231.0,True,CR2,False,"A(230aa,CR2)",A=230,False
3DQL,1,A,230,231.0,True,CR2,False,"A(230aa,CR2)",A=230,False
3DQM,1,A,230,231.0,True,CR2,False,"A(230aa,CR2)",A=230,False
3DQN,1,A,230,231.0,True,CR2,False,"A(230aa,CR2)",A=230,False
3DQO,1,A,230,231.0,True,CR2,False,"A(230aa,CR2)",A=230,False
3DQU,1,A,230,231.0,True,CR2,False,"A(230aa,CR2)",A=230,False
3E5T,1,A,228,229.0,True,NRQ,False,"A(228aa,NRQ)",A=228,False
3E5V,1,A,228,229.0,True,NRQ,False,"A(228aa,NRQ)",A=228,False
3E5W,4,A,226,227.0,True,NRQ,True,"A(226aa,NRQ);B(226aa,NRQ);C(226aa,NRQ);D(226aa,NRQ)",A=226;B=226;C=226;D=226,False
3ED8,5,C,230,231.0,True,CRO,True,"A(228aa,CRO);B(227aa,CRO);C(230aa,CRO);D(228aa,CRO);E(221aa,CRO)",A=228;B=227;C=230;D=228;E=221,False
3EVP,1,A,223,224.0,True,CRO,False,"A(223aa,CRO)",A=223,False
3EVR,1,A,397,398.0,True,CRO,False,"A(397aa,CRO)",A=397,False
3G9A,2,A,226,227.0,True,GYS,False,"A(226aa,GYS)",A=226;B=129,False
3GB3,2,A,229,230.0,True,CRQ,True,"A(229aa,CRQ);B(229aa,CRQ)",A=229;B=229,False
3GEX,1,A,233,234.0,True,CRF,False,"A(233aa,CRF)",A=233,False
3GJ1,4,A,226,227.0,True,CRO,True,"A(226aa,CRO);B(226aa,CRO);C(222aa,CRO);D(225aa,CRO)",A=226;B=226;C=222;D=225,False
3GJ2,4,B,228,229.0,True,CRO,True,"A(226aa,CRO);B(228aa,CRO);C(224aa,CRO);D(225aa,CRO)",A=226;B=228;C=224;D=225,False
3GL4,2,A,229,230.0,True,CRQ,True,"A(229aa,CRQ);B(229aa,CRQ)",A=229;B=229,False
3H1O,2,A,223,224.0,True,NRQ,True,"A(223aa,NRQ);B(223aa,NRQ)",A=223;B=223,False
3H1R,1,A,223,224.0,True,NRQ,False,"A(223aa,NRQ)",A=223,False
3I19,1,A,233,234.0,True,CRF,False,"A(233aa,CRF)",A=233,False
3IP2,1,A,228,229.0,True,NRQ,False,"A(228aa,NRQ)",A=228,False
3IR8,2,B,214,215.0,True,CRQ,True,"A(213aa,CRQ);B(214aa,CRQ)",A=213;B=214,False
3K1K,4,A,224,225.0,True,GYS,True,"A(224aa,GYS);B(224aa,GYS)",A=224;B=224;C=114;D=115,False
3KCS,1,A,214,215.0,True,NRQ,False,"A(214aa,NRQ)",A=214,False
3KCT,1,A,214,215.0,True,NRQ,False,"A(214aa,NRQ)",A=214,False
3LA1,1,A,235,236.0,True,CRF,False,"A(235aa,CRF)",A=235,False
3LF3,1,A,218,220.0,True,NRQ,False,"A(218aa,NRQ)",A=218,False
3LF4,2,B,159,160.0,False,,False,,A=62;B=159,False
3LVA,2,A,234,235.0,True,GYS,True,"A(234aa,GYS);B(234aa,GYS)",A=234;B=234,False
3LVC,2,A,226,227.0,True,GYS,True,"A(226aa,GYS);B(226aa,GYS)",A=226;B=226,False
3LVD,2,A,226,227.0,True,GYS,True,"A(226aa,GYS);B(226aa,GYS)",A=226;B=226,False
3MGF,4,A,212,213.0,True,CFY,True,"A(212aa,CFY);B(209aa,CFY);C(212aa,CFY);D(212aa,CFY)",A=212;B=209;C=212;D=212,False
3NED,1,A,228,231.0,True,NRQ,False,"A(228aa,NRQ)",A=228,False
3NEZ,4,A,215,217.0,True,NRQ,True,"A(215aa,NRQ);B(214aa,NRQ);C(214aa,NRQ);D(215aa,NRQ)",A=215;B=214;C=214;D=215,False
3NF0,1,A,217,218.0,True,CH6,False,"A(217aa,CH6)",A=217,False
3OGO,8,A,231,232.0,True,CRO,True,"A(231aa,CRO);B(224aa,CRO);C(227aa,CRO);D(225aa,CRO)",A=231;B=224;C=227;D=225;E=115;F=115;G=116;H=116,False
3P28,1,A,234,235.0,True,GYS,False,"A(234aa,GYS)",A=234,False
3P8U,4,C,222,223.0,True,CR8,True,"A(220aa,CR8);B(219aa,CR8);C(222aa,CR8);D(220aa,CR8)",A=220;B=219;C=222;D=220,False
3PIB,4,B,235,236.0,True,NRQ,True,"A(226aa,NRQ);B(235aa,NRQ);C(225aa,NRQ);D(227aa,NRQ)",A=226;B=235;C=225;D=227,False
3PJ5,2,A,223,224.0,True,NRQ,True,"A(223aa,NRQ);B(223aa,NRQ)",A=223;B=223,False
3PJ7,4,C,223,224.0,True,NRQ,True,"A(222aa,NRQ);B(222aa,NRQ);C(223aa,NRQ);D(221aa,NRQ)",A=222;B=222;C=223;D=221,False
3PJB,2,A,222,223.0,True,NRQ,True,"A(222aa,NRQ);B(222aa,NRQ)",A=222;B=222,False
3RWA,8,A,232,233.0,True,NRQ,True,"A(232aa,NRQ);B(232aa,NRQ);C(232aa,NRQ);D(232aa,NRQ);E(232aa,NRQ);F(232aa,NRQ);G(232aa,NRQ);H(232aa,NRQ)",A=232;B=232;C=232;D=232;E=232;F=232;G=232;H=232,False
3RWT,8,F,234,235.0,True,NRQ,True,"F(234aa,NRQ);A(234aa,NRQ);B(234aa,NRQ);C(234aa,NRQ);D(234aa,NRQ);E(234aa,NRQ);G(234aa,NRQ);H(234aa,NRQ)",F=234;A=234;B=234;C=234;D=234;E=234;G=234;H=234,False
3S05,4,B,221,222.0,True,CR8,True,"A(220aa,CR8);B(221aa,CR8);C(218aa,CR8);D(218aa,CR8)",A=220;B=221;C=218;D=218,False
3SRY,1,A,231,232.0,True,CR2,False,"A(231aa,CR2)",A=231,False
3SS0,1,A,231,232.0,True,CR2,False,"A(231aa,CR2)",A=231,False
3SSH,1,A,231,232.0,True,CR2,False,"A(231aa,CR2)",A=231,False
3SSK,1,A,231,232.0,True,CR2,False,"A(231aa,CR2)",A=231,False
3SSL,1,A,231,232.0,True,CR2,False,"A(231aa,CR2)",A=231,False
3SSP,1,A,228,229.0,True,CR2,False,"A(228aa,CR2)",A=228,False
3SST,1,A,228,229.0,True,CR2,False,"A(228aa,CR2)",A=228,False
3SSV,1,A,228,229.0,True,CR2,False,"A(228aa,CR2)",A=228,False
3SSY,1,A,227,228.0,True,CR2,False,"A(227aa,CR2)",A=227,False
3ST0,1,A,226,227.0,True,CR2,False,"A(226aa,CR2)",A=226,False
3SV5,1,A,228,229.0,True,CR2,False,"A(228aa,CR2)",A=228,False
3SVB,1,A,226,227.0,True,CR2,False,"A(226aa,CR2)",A=226,False
3SVC,1,A,229,230.0,True,CR2,False,"A(229aa,CR2)",A=229,False
3SVD,1,A,229,230.0,True,CR2,False,"A(229aa,CR2)",A=229,False
3SVE,1,A,228,229.0,True,CR2,False,"A(228aa,CR2)",A=228,False
3TMR,4,A,221,222.0,True,CR8,True,"A(221aa,CR8);B(220aa,CR8);C(220aa,CR8);D(220aa,CR8)",A=221;B=220;C=220;D=220,False
3TMT,4,A,221,222.0,True,CR8,True,"A(221aa,CR8);B(220aa,CR8);C(219aa,CR8);D(220aa,CR8)",A=221;B=220;C=219;D=220,False
3U0K,2,A,218,219.0,True,CRK,False,"A(218aa,CRK)",B=178;A=218,False
3U0L,1,A,216,217.0,True,NRQ,False,"A(216aa,NRQ)",A=216,False
3U0M,1,A,216,217.0,True,NRQ,False,"A(216aa,NRQ)",A=216,False
3U0N,1,A,221,222.0,True,NRQ,False,"A(221aa,NRQ)",A=221,False
3U8P,3,A,336,337.0,True,CRO,True,"A(336aa,CRO);B(335aa,CRO);C(335aa,CRO)",A=336;B=335;C=335,False
3UFZ,1,A,226,227.0,True,CRO,False,"A(226aa,CRO)",A=226,False
3UG0,1,A,226,227.0,True,CRO,False,"A(226aa,CRO)",A=226,False
3V3D,1,A,229,230.0,True,CR2,False,"A(229aa,CR2)",A=229,False
3VHT,3,B,259,260.0,True,CR2,True,"A(228aa,CR2);B(259aa,CR2)",A=228;B=259;C=76,False
3VIC,8,B,218,219.0,False,,False,,A=217;B=218;C=218;D=218;E=217;F=218;G=218;H=217,False
3VK1,1,A,216,217.0,False,,False,,A=216,False
3W1C,1,A,228,229.0,True,CR2,False,"A(228aa,CR2)",A=228,False
3W1D,1,A,226,227.0,True,CR2,False,"A(226aa,CR2)",A=226,False
3WCK,8,C,220,221.0,True,CRQ,True,"A(217aa,CRQ);B(217aa,CRQ);C(220aa,CRQ);D(217aa,CRQ);E(217aa,CRQ);F(217aa,CRQ);G(219aa,CRQ);H(217aa,CRQ)",A=217;B=217;C=220;D=217;E=217;F=217;G=219;H=217,False
3ZTF,1,A,236,237.0,True,SWG,False,"A(236aa,SWG)",A=236,False
3ZUF,6,D,214,215.0,True,GYC,True,"A(213aa,GYC);B(213aa,GYC);C(213aa,GYC);D(214aa,GYC);E(213aa,GYC);F(213aa,GYC)",A=213;B=213;C=213;D=214;E=213;F=213,False
3ZUJ,6,A,213,214.0,True,GYC,True,"A(213aa,GYC);B(213aa,GYC);C(212aa,GYC);D(211aa,GYC);E(213aa,GYC);F(213aa,GYC)",A=213;B=213;C=212;D=211;E=213;F=213,False
3ZUL,6,C,215,216.0,True,GYC,True,"A(213aa,GYC);B(213aa,GYC);C(215aa,GYC);D(213aa,GYC);E(213aa,GYC);F(213aa,GYC)",A=213;B=213;C=215;D=213;E=213;F=213,False
4ANJ,2,A,995,996.0,True,CR2,False,"A(995aa,CR2)",A=995;B=128,False
4AR7,1,A,224,225.0,True,SWG,False,"A(224aa,SWG)",A=224,False
4AS8,1,A,228,229.0,True,CRF,False,"A(228aa,CRF)",A=228,False
4B30,2,B,227,229.0,True,CRQ,True,"A(224aa,CRQ);B(227aa,CRQ)",A=224;B=227,False
4B5Y,1,A,229,230.0,True,SWG,False,"A(229aa,SWG)",A=229,False
4BDU,4,A,295,296.0,True,CR2,True,"A(295aa,CR2);B(295aa,CR2);C(295aa,CR2);D(295aa,CR2)",A=295;B=295;C=295;D=295,False
4DKM,8,A,213,214.0,True,CR2,True,"A(213aa,CR2);B(213aa,CR2);C(213aa,CR2);D(213aa,CR2);E(213aa,CR2);F(213aa,CR2);G(213aa,CR2);H(213aa,CR2)",A=213;B=213;C=213;D=213;E=213;F=213;G=213;H=213,False
4DKN,2,B,214,215.0,True,CR2,True,"A(209aa,CR2);B(214aa,CR2)",A=209;B=214,False
4EDO,2,A,218,219.0,True,NRQ,True,"A(218aa,NRQ);B(218aa,NRQ)",A=218;B=218,False
4EDS,2,A,218,219.0,True,NRQ,True,"A(218aa,NRQ);B(218aa,NRQ)",A=218;B=218,False
4EMQ,6,A,214,215.0,True,GYC,True,"A(214aa,GYC);B(213aa,GYC);C(213aa,GYC);D(214aa,GYC);E(213aa,GYC);F(213aa,GYC)",A=214;B=213;C=213;D=214;E=213;F=213,False
4EN1,2,A,235,236.0,True,SWG,True,"A(235aa,SWG);B(225aa,SWG)",A=235;B=225,False
4EUL,1,A,226,227.0,True,CRO,False,"A(226aa,CRO)",A=226,False
4GES,1,B,229,230.0,False,,False,,B=229,False
4GF6,1,B,242,243.0,False,,False,,B=242,False
4H3L,2,A,214,215.0,True,NRQ,True,"A(214aa,NRQ);B(213aa,NRQ)",A=214;B=213,False
4H3M,2,A,212,213.0,True,NRQ,True,"A(212aa,NRQ);B(211aa,NRQ)",A=212;B=211,False
4H3N,1,A,214,215.0,True,NRQ,False,"A(214aa,NRQ)",A=214,False
4H47,1,A,227,228.0,True,CRF,False,"A(227aa,CRF)",A=227,False
4H48,1,A,227,228.0,True,CRF,False,"A(227aa,CRF)",A=227,False
4HE4,2,A,231,232.0,True,CRO,True,"A(231aa,CRO);B(231aa,CRO)",A=231;B=231,False
4HQ8,6,A,217,218.0,True,CR8,True,"A(217aa,CR8);B(217aa,CR8);C(216aa,CR8);D(216aa,CR8);E(214aa,CR8);F(216aa,CR8)",A=217;B=217;C=216;D=216;E=214;F=216,False
4HQ9,6,C,217,218.0,True,CR8,True,"A(216aa,CR8);B(215aa,CR8);C(217aa,CR8);D(215aa,CR8);E(216aa,CR8);F(213aa,CR8)",A=216;B=215;C=217;D=215;E=216;F=213,False
4HQC,6,A,217,220.0,True,CR8,True,"A(217aa,CR8);B(215aa,CR8);D(216aa,CR8);E(215aa,CR8)",A=217;B=215;C=214;D=216;E=215;F=216,False
4HVF,4,D,224,225.0,True,CR2,True,"A(217aa,CR2);B(217aa,CR2);C(217aa,CR2);D(224aa,CR2)",A=217;B=217;C=217;D=224,False
4IK1,1,A,391,392.0,True,CRO,False,"A(391aa,CRO)",A=391,False
4IK3,1,A,393,394.0,True,CRO,False,"A(393aa,CRO)",A=393,False
4IK4,1,A,395,396.0,True,CRO,False,"A(395aa,CRO)",A=395,False
4IK5,1,A,391,392.0,True,CRO,False,"A(391aa,CRO)",A=391,False
4IK8,1,A,395,396.0,True,CRO,False,"A(395aa,CRO)",A=395,False
4IK9,1,A,393,394.0,True,CRO,False,"A(393aa,CRO)",A=393,False
4IZN,12,A,217,218.0,True,CR8,True,"A(217aa,CR8);B(217aa,CR8);C(216aa,CR8);D(217aa,CR8);E(217aa,CR8);F(217aa,CR8);G(217aa,CR8);H(216aa,CR8);I(216aa,CR8);J(217aa,CR8);K(217aa,CR8);L(217aa,CR8)",A=217;B=217;C=216;D=217;E=217;F=217;G=217;H=216;I=216;J=217;K=217;L=217,False
4J88,2,A,227,228.0,False,,False,,A=227;B=226,False
4J89,2,A,228,229.0,False,,False,,A=228;B=226,False
4J8A,1,A,227,229.0,True,CRO,False,"A(227aa,CRO)",A=227,False
4JC2,6,A,220,221.0,True,CRQ,True,"A(220aa,CRQ);B(220aa,CRQ);C(219aa,CRQ);D(220aa,CRQ);E(220aa,CRQ);F(220aa,CRQ)",A=220;B=220;C=219;D=220;E=220;F=220,False
4JEO,2,A,217,218.0,True,CR2,True,"A(217aa,CR2);B(217aa,CR2)",A=217;B=217,False
4JF9,2,B,217,218.0,True,CR2,True,"A(216aa,CR2);B(217aa,CR2)",A=216;B=217,False
4JFG,8,A,225,226.0,False,,False,,A=225;B=222;C=225;D=217;E=225;F=217;G=221;H=225,False
4JGE,2,B,216,217.0,True,CR2,True,"A(215aa,CR2);B(216aa,CR2)",A=215;B=216,False
4JRB,1,A,398,399.0,True,CR2,False,"A(398aa,CR2)",A=398,False
4KA9,1,A,229,230.0,True,CRO,False,"A(229aa,CRO)",A=229,False
4KAG,1,A,224,225.0,True,CRO,False,"A(224aa,CRO)",A=224,False
4KEX,1,A,224,225.0,True,CRO,False,"A(224aa,CRO)",A=224,False
4KF4,8,A,215,216.0,True,CH6,True,"A(215aa,CH6);B(214aa,CH6);C(215aa,CH6);D(214aa,CH6);E(215aa,CH6);F(215aa,CH6);G(215aa,CH6);H(215aa,CH6)",A=215;B=214;C=215;D=214;E=215;F=215;G=215;H=215,False
4KF5,4,C,257,258.0,True,CH6,True,"A(189aa,CRO);B(189aa,CRO);C(257aa,CH6);D(257aa,CH6)",A=189;B=189;C=257;D=257,False
4KPI,1,A,223,224.0,True,NRQ,False,"A(223aa,NRQ)",A=223,False
4KW4,1,A,227,228.0,True,CRO,False,"A(227aa,CRO)",A=227,False
4KW8,1,A,222,223.0,True,CRO,False,"A(222aa,CRO)",A=222,False
4KW9,1,A,222,223.0,True,CRO,False,"A(222aa,CRO)",A=222,False
4L12,1,A,229,230.0,True,CRO,False,"A(229aa,CRO)",A=229,False
4L13,1,A,229,230.0,True,CRO,False,"A(229aa,CRO)",A=229,False
4L1I,1,A,227,228.0,True,CRO,False,"A(227aa,CRO)",A=227,False
4LJB,4,C,222,223.0,True,CR8,True,"A(220aa,CR8);B(219aa,CR8);C(222aa,CR8);D(220aa,CR8)",A=220;B=219;C=222;D=220,False
4LJC,4,C,222,223.0,True,CR8,True,"A(220aa,CR8);B(219aa,CR8);C(222aa,CR8);D(220aa,CR8)",A=220;B=219;C=222;D=220,False
4LJD,4,C,221,223.0,True,CR8,True,"A(218aa,CR8);B(217aa,CR8);C(221aa,CR8);D(218aa,CR8)",A=218;B=217;C=221;D=218,False
4LQT,1,A,229,230.0,True,CRO,False,"A(229aa,CRO)",A=229,False
4LQU,4,B,228,229.0,True,CRO,True,"A(225aa,CRO);B(228aa,CRO);C(227aa,CRO);D(226aa,CRO)",A=225;B=228;C=227;D=226,False
4LW5,5,B,226,227.0,True,CRO,True,"A(225aa,CRO);B(226aa,CRO);C(225aa,CRO);D(224aa,CRO);E(225aa,CRO)",A=225;B=226;C=225;D=224;E=225,False
4N3D,2,A,225,226.0,True,CRO,True,"A(225aa,CRO);B(225aa,CRO)",A=225;B=225,False
4NDJ,1,A,279,280.0,True,CR2,False,"A(279aa,CR2)",A=279,False
4NDK,2,B,272,273.0,True,CR2,True,"A(271aa,CR2);B(272aa,CR2)",A=271;B=272,False
4NWS,2,A,223,224.0,True,NRQ,True,"A(223aa,NRQ);B(223aa,NRQ)",A=223;B=223,False
4OGS,2,A,225,226.0,True,CRO,True,"A(225aa,CRO);B(225aa,CRO)",A=225;B=225,False
4OHS,8,B,225,227.0,True,CH6,True,"A(219aa,CH6);B(225aa,CH6);C(221aa,CH6);D(217aa,CH6);E(217aa,CH6);F(225aa,CH6);G(214aa,CH6);H(216aa,CH6)",A=219;B=225;C=221;D=217;E=217;F=225;G=214;H=216,False
4OJ0,4,A,224,225.0,True,NRQ,True,"A(224aa,NRQ);B(224aa,NRQ);C(224aa,NRQ);D(224aa,NRQ)",A=224;B=224;C=224;D=224,False
4OQW,8,A,223,226.0,True,NRQ,True,"A(223aa,NRQ);B(221aa,NRQ);C(220aa,NRQ);D(223aa,NRQ);E(211aa,NRQ);F(212aa,NRQ);G(209aa,NRQ);H(193aa,NRQ)",A=223;B=221;C=220;D=223;E=211;F=212;G=209;H=193,False
4ORN,2,A,227,229.0,True,GYS,True,"A(227aa,GYS);B(227aa,GYS)",A=227;B=227,False
4OY4,1,A,334,335.0,True,CR8,False,"A(334aa,CR8)",A=334,False
4P1Q,1,A,227,228.0,True,GYS,False,"A(227aa,GYS)",A=227,False
4P76,2,A,223,224.0,True,CR8,True,"A(223aa,CR8);B(219aa,CR8)",A=223;B=219,False
4P7H,2,A,971,972.0,True,CRO,True,"A(971aa,CRO);B(952aa,CRO)",A=971;B=952,False
4PA0,2,A,974,975.0,True,CRO,True,"A(974aa,CRO);B(920aa,CRO)",A=974;B=920,False
4PFE,2,A,342,343.0,True,CRO,True,"A(342aa,CRO);B(340aa,CRO)",A=342;B=340,False
4Q7R,2,A,223,224.0,False,,False,,A=223;B=214,False
4Q7T,2,B,216,217.0,False,,False,,A=214;B=216,False
4Q7U,1,A,217,218.0,False,,False,,A=217,False
4Q9W,2,A,217,218.0,True,PIA,True,"A(217aa,PIA);B(217aa,PIA)",A=217;B=217,False
4Q9X,1,A,213,214.0,True,PIA,False,"A(213aa,PIA)",A=213,False
4R6B,4,C,222,223.0,True,CR8,True,"A(220aa,CR8);B(219aa,CR8);C(222aa,CR8);D(220aa,CR8)",A=220;B=219;C=222;D=220,False
4R6D,1,A,213,214.0,True,PIA,False,"A(213aa,PIA)",A=213,False
4U2V,4,B,306,307.0,True,CR2,True,"B(306aa,CR2);D(306aa,CR2);C(306aa,CR2);A(305aa,CR2)",B=306;D=306;C=306;A=305,False
4UTS,4,A,213,214.0,True,GYC,True,"A(213aa,GYC);B(213aa,GYC);C(213aa,GYC);D(213aa,GYC)",A=213;B=213;C=213;D=213,False
4XBI,2,A,376,377.0,True,CRO,True,"A(376aa,CRO);B(369aa,CRO)",A=376;B=369,False
4XGY,1,A,237,238.0,True,CRO,False,"A(237aa,CRO)",A=237,False
4XL5,2,C,245,226.0,False,,True,"A(226aa,CRO)",A=226;C=245,True
4XOV,1,A,227,228.0,True,CRO,False,"A(227aa,CRO)",A=227,False
4XOW,1,A,226,227.0,True,CRO,False,"A(226aa,CRO)",A=226,False
4XVP,6,A,227,228.0,True,CRO,True,"A(227aa,CRO);B(227aa,CRO);C(227aa,CRO)",A=227;B=227;C=227;D=158;E=158;F=158,False
4Z4K,2,A,282,283.0,True,CR2,True,"A(282aa,CR2);B(281aa,CR2)",A=282;B=281,False
4Z4M,2,A,253,254.0,True,CR2,True,"A(253aa,CR2);B(253aa,CR2)",A=253;B=253,False
4ZB1,2,A,226,227.0,True,CRQ,True,"A(226aa,CRQ);B(226aa,CRQ)",A=226;B=226,False
4ZBL,1,A,225,226.0,False,,False,,A=225,False
4ZF3,2,A,216,217.0,True,CRO,True,"A(216aa,CRO);B(214aa,CRO)",A=216;B=214,False
4ZF4,2,A,226,227.0,False,,False,,A=226;B=223,False
4ZF5,2,A,224,225.0,False,,False,,A=224;B=216,False
4ZFS,5,A,233,234.0,False,,False,,A=233;B=233;C=227;D=227;E=227,False
5AQB,2,A,408,228.0,False,,True,"B(228aa,CRO)",A=408;B=228,True
5B61,6,D,227,227.0,False,,False,,A=222;B=224;C=226;D=227;E=227;F=223,False
5BQL,4,A,225,226.0,True,NRQ,True,"A(225aa,NRQ);B(223aa,NRQ);C(222aa,NRQ);D(220aa,NRQ)",A=225;B=223;C=222;D=220,False
5BT0,2,A,229,231.0,True,CRO,True,"A(229aa,CRO);B(229aa,CRO)",A=229;B=229,False
5BTT,2,A,226,228.0,True,CRO,True,"A(226aa,CRO);B(226aa,CRO)",A=226;B=226,False
5DPG,1,A,231,233.0,True,CRO,False,"A(231aa,CRO)",A=231,False
5DPH,2,B,231,233.0,True,CRO,True,"A(223aa,CRO);B(231aa,CRO)",A=223;B=231,False
5DPI,6,A,223,226.0,True,CRO,True,"A(223aa,CRO);B(223aa,CRO);C(221aa,CRO);D(223aa,CRO);E(223aa,CRO);F(222aa,CRO)",A=223;B=223;C=221;D=223;E=223;F=222,False
5DPJ,4,A,224,227.0,True,CRO,True,"A(224aa,CRO);B(222aa,CRO);C(222aa,CRO);D(222aa,CRO)",A=224;B=222;C=222;D=222,False
5DQB,1,A,228,229.0,True,CRF,False,"A(228aa,CRF)",A=228,False
5DQM,1,A,227,228.0,True,CRF,False,"A(227aa,CRF)",A=227,False
5DRF,1,A,227,228.0,True,CRF,False,"A(227aa,CRF)",A=227,False
5DRG,1,A,227,228.0,True,CRF,False,"A(227aa,CRF)",A=227,False
5DTL,12,A,219,220.0,False,,False,,A=219;B=219;C=219;D=219;E=219;F=219;G=219;H=219;I=219;J=219;K=219;L=219,False
5DTX,1,A,245,246.0,True,PIA,False,"A(245aa,PIA)",A=245,False
5DTY,1,A,245,246.0,True,PIA,False,"A(245aa,PIA)",A=245,False
5DTZ,4,A,230,231.0,True,PIA,True,"A(230aa,PIA);B(229aa,PIA);C(230aa,PIA);D(229aa,PIA)",A=230;B=229;C=230;D=229,False
5DU0,4,A,227,228.0,True,PIA,True,"A(227aa,PIA);B(225aa,PIA);C(227aa,PIA);D(227aa,PIA)",A=227;B=225;C=227;D=227,False
5DY6,2,A,224,226.0,True,CRO,True,"A(224aa,CRO);B(223aa,CRO)",A=224;B=223,False
5EHU,2,A,227,229.0,True,CRO,True,"A(227aa,CRO);B(227aa,CRO)",A=227;B=227,False
5EXB,16,K,226,227.0,False,,False,,A=220;B=224;C=223;D=221;E=220;F=221;G=224;H=220;I=220;J=221;K=226;L=225;M=220;N=220;O=221;P=221,False
5EXC,16,bb,166,167.0,True,RC7,True,"aa(164aa,RC7);bb(166aa,RC7);cc(165aa,RC7);dd(165aa,RC7);ee(161aa,RC7);ff(161aa,RC7);gg(165aa,RC7);hh(161aa,RC7)",A=59;aa=164;B=59;bb=166;C=58;cc=165;D=58;dd=165;E=58;ee=161;F=58;ff=161;G=58;gg=165;H=58;hh=161,False
5F9G,1,A,228,229.0,True,CRO,False,"A(228aa,CRO)",A=228,False
5FGU,1,A,494,495.0,True,CR2,False,"A(494aa,CR2)",A=494,False
5FHV,1,A,220,222.0,True,CH6,False,"A(220aa,CH6)",A=220,False
5FVF,4,A,222,223.0,False,,False,,A=222;B=222;C=220;D=220,False
5FVG,4,B,222,223.0,False,,False,,A=220;B=222;C=222;D=220,False
5FVI,4,B,222,223.0,False,,False,,A=220;B=222;C=222;D=221,False
5H87,4,A,213,214.0,True,CH6,True,"A(213aa,CH6);B(213aa,CH6);C(213aa,CH6);D(213aa,CH6)",A=213;B=213;C=213;D=213,False
5H88,4,A,213,214.0,True,CH6,True,"A(213aa,CH6);B(212aa,CH6);C(212aa,CH6);D(211aa,CH6)",A=213;B=212;C=212;D=211,False
5H89,4,A,215,216.0,True,CH6,True,"A(215aa,CH6);B(215aa,CH6);C(215aa,CH6);D(215aa,CH6)",A=215;B=215;C=215;D=215,False
5HBD,1,A,239,240.0,True,PIA,False,"A(239aa,PIA)",A=239,False
5HGE,1,A,242,243.0,True,PIA,False,"A(242aa,PIA)",A=242,False
5HW9,1,A,244,245.0,True,PIA,False,"A(244aa,PIA)",A=244,False
5HZO,2,A,229,230.0,True,GYS,True,"A(229aa,GYS);B(229aa,GYS)",A=229;B=229,False
5HZS,12,A,214,215.0,True,GYS,True,"A(214aa,GYS);B(212aa,GYS);C(214aa,GYS);D(214aa,GYS);E(214aa,GYS);F(213aa,GYS);G(213aa,GYS);H(213aa,GYS);I(212aa,GYS);J(213aa,GYS);K(212aa,GYS);L(213aa,GYS)",A=214;B=212;C=214;D=214;E=214;F=213;G=213;H=213;I=212;J=213;K=212;L=213,False
5HZT,12,D,214,215.0,True,GYS,True,"A(192aa,GYS);B(209aa,GYS);C(213aa,GYS);D(214aa,GYS);E(214aa,GYS);F(213aa,GYS);G(213aa,GYS);H(214aa,GYS);I(212aa,GYS);J(210aa,GYS);K(188aa,GYS);L(213aa,GYS)",A=192;B=209;C=213;D=214;E=214;F=213;G=213;H=214;I=212;J=210;K=188;L=213,False
5HZU,12,B,214,215.0,True,GYS,True,"A(212aa,GYS);B(214aa,GYS);C(212aa,GYS);D(212aa,GYS);E(213aa,GYS);F(213aa,GYS);G(212aa,GYS);H(213aa,GYS);I(212aa,GYS);J(213aa,GYS);K(212aa,GYS);L(213aa,GYS)",A=212;B=214;C=212;D=212;E=213;F=213;G=212;H=213;I=212;J=213;K=212;L=213,False
5J2O,1,A,225,226.0,True,CRF,False,"A(225aa,CRF)",A=225,False
5J3N,2,A,385,386.0,True,GYS,True,"A(385aa,GYS);B(229aa,GYS)",A=385;B=229,False
5JZK,2,A,235,236.0,True,CRO,True,"A(235aa,CRO);B(233aa,CRO)",A=235;B=233,False
5JZL,2,A,231,232.0,True,CRO,True,"A(231aa,CRO);B(230aa,CRO)",A=231;B=230,False
5KTG,2,A,308,309.0,True,CR2,True,"A(308aa,CR2);B(308aa,CR2)",A=308;B=308,False
5LEL,9,E,369,226.0,False,,True,"C(226aa,CRO);F(226aa,CRO);I(226aa,CRO)",A=313;B=368;C=226;D=313;E=369;F=226;G=311;H=366;I=226,True
5LEM,3,B,364,227.0,False,,True,"C(227aa,CRO)",A=320;B=364;C=227,True
5LK4,1,A,216,217.0,True,NRQ,False,"A(216aa,NRQ)",A=216,False
5LTP,6,B,225,226.0,True,CR2,True,"A(218aa,CR2);B(225aa,CR2);C(222aa,CR2);D(223aa,CR2);E(221aa,CR2);F(223aa,CR2)",A=218;B=225;C=222;D=223;E=221;F=223,False
5LTQ,16,F,221,222.0,True,CR2,True,"A(217aa,CR2);D(218aa,CR2);B(216aa,CR2);C(216aa,CR2);E(214aa,CR2);H(214aa,CR2);F(221aa,CR2);G(215aa,CR2);I(214aa,CR2);L(216aa,CR2);J(221aa,CR2);K(214aa,CR2);M(207aa,CR2);P(216aa,CR2);N(216aa,CR2);O(210aa,CR2)",A=217;D=218;B=216;C=216;E=214;H=214;F=221;G=215;I=214;L=216;J=221;K=214;M=207;P=216;N=216;O=210,False
5LTR,1,A,215,217.0,True,CR2,False,"A(215aa,CR2)",A=215,False
5MA3,2,A,302,227.0,False,,True,"B(227aa,CRO)",B=227;A=302,True
5MA4,2,A,294,229.0,False,,True,"B(229aa,CRO)",B=229;A=294,True
5MA5,4,A,298,227.0,False,,True,"B(227aa,CRO);D(226aa,CRO)",B=227;A=298;D=226;C=288,True
5MA6,2,A,226,227.0,True,CRO,False,"A(226aa,CRO)",A=226;B=159,False
5MA8,4,B,225,226.0,True,CRO,True,"B(225aa,CRO);D(224aa,CRO)",A=157;C=158;B=225;D=224,False
5MA9,8,A,298,226.0,False,,True,"B(226aa,CRO);D(226aa,CRO);H(226aa,CRO);F(226aa,CRO)",B=226;A=298;C=294;G=294;E=293;D=226;H=226;F=226,True
5MAD,8,B,231,232.0,True,CRO,True,"B(231aa,CRO);D(231aa,CRO);F(225aa,CRO);H(228aa,CRO)",A=154;B=231;C=155;D=231;E=160;F=225;G=160;H=228,False
5MAK,4,A,286,227.0,False,,True,"B(227aa,CRO);D(226aa,CRO)",B=227;A=286;D=226;C=286,True
5MFC,4,A,285,240.0,False,,True,"B(240aa,CRO);D(237aa,CRO)",A=285;B=240;C=282;D=237,True
5MSE,4,C,226,227.0,True,CRO,True,"A(223aa,CRO);C(226aa,CRO);D(223aa,CRO);B(223aa,CRO)",A=223;C=226;D=223;B=223,False
5N9O,1,A,234,235.0,True,CRO,False,"A(234aa,CRO)",A=234,False
5NHN,2,B,227,228.0,True,CRO,True,"B(227aa,CRO);A(225aa,CRO)",B=227;A=225,False
5NI3,4,B,228,229.0,True,CRO,True,"A(224aa,CRO);B(228aa,CRO);C(228aa,CRO);D(224aa,CRO)",A=224;B=228;C=228;D=224,False
5O89,1,A,243,244.0,True,PIA,False,"A(243aa,PIA)",A=243,False
5O8A,1,A,243,244.0,True,PIA,False,"A(243aa,PIA)",A=243,False
5O8B,1,A,243,244.0,True,PIA,False,"A(243aa,PIA)",A=243,False
5O8C,1,A,243,244.0,True,PIA,False,"A(243aa,PIA)",A=243,False
5OOZ,1,A,215,216.0,True,VYA,False,"A(215aa,VYA)",A=215,False
5OQ9,1,A,215,216.0,True,VYA,False,"A(215aa,VYA)",A=215,False
5OQA,1,A,215,216.0,True,VYA,False,"A(215aa,VYA)",A=215,False
5OQE,1,A,216,217.0,True,VYA,False,"A(216aa,VYA)",A=216,False
5OX8,1,A,224,225.0,True,B2H,False,"A(224aa,B2H)",A=224,False
5OX9,1,A,226,227.0,True,B2H,False,"A(226aa,B2H)",A=226,False
5OXA,1,A,228,229.0,True,B2H,False,"A(228aa,B2H)",A=228,False
5OXB,1,A,225,226.0,True,B2H,False,"A(225aa,B2H)",A=225,False
5OXC,1,A,229,230.0,True,B2H,False,"A(229aa,B2H)",A=229,False
5T3I,1,A,228,229.0,True,CRF,False,"A(228aa,CRF)",A=228,False
5WJ2,2,A,234,235.0,True,CR2,True,"A(234aa,CR2);B(226aa,CR2)",A=234;B=226,False
5WJ3,2,A,225,226.0,True,CR2,True,"A(225aa,CR2);B(225aa,CR2)",A=225;B=225,False
5WJ4,2,A,227,228.0,True,CR2,True,"A(227aa,CR2);B(227aa,CR2)",A=227;B=227,False
5WWK,6,A,228,229.0,True,CR2,True,"A(228aa,CR2);B(228aa,CR2);C(228aa,CR2);D(228aa,CR2);E(228aa,CR2);F(228aa,CR2)",A=228;B=228;C=228;D=228;E=228;F=228,False
5Y8Q,2,B,223,225.0,True,CH7,True,"A(222aa,CH7);B(223aa,CH7)",A=222;B=223,False
5Y8R,1,A,221,223.0,True,CH7,False,"A(221aa,CH7)",A=221,False
5YR2,2,B,228,229.0,False,,False,,A=226;B=228,False
5YR3,1,A,224,225.0,False,,False,,A=224,False
5Z6Y,1,A,225,226.0,False,,False,,A=225,False
6AA2,3,B,233,234.0,True,CR2,True,"A(223aa,CR2);B(233aa,CR2);C(233aa,CR2)",A=223;B=233;C=233,False
6AA6,2,A,237,238.0,True,CR2,True,"A(237aa,CR2);B(223aa,CR2)",A=237;B=223,False
6AA7,2,A,226,227.0,True,XYG,True,"A(226aa,XYG);B(224aa,XYG)",A=226;B=224,False
6AS9,1,A,244,245.0,True,PIA,False,"A(244aa,PIA)",A=244,False
6B7R,2,B,227,228.0,True,GYS,True,"B(227aa,GYS);A(227aa,GYS)",B=227;A=227,False
6B7T,2,A,207,208.0,True,GYS,True,"A(207aa,GYS);B(203aa,GYS)",A=207;B=203,False
6B9C,1,A,232,234.0,False,,False,,A=232,False
6CIU,4,A,220,221.0,True,CRQ,True,"A(220aa,CRQ);B(219aa,CRQ);C(220aa,CRQ);D(218aa,CRQ)",A=220;B=219;C=220;D=218,False
6D38,1,A,212,213.0,True,GYC,False,"A(212aa,GYC)",A=212,False
6D39,1,A,212,213.0,True,GYC,False,"A(212aa,GYC)",A=212,False
6DEJ,4,A,223,224.0,True,CRU,True,"A(223aa,CRU);B(223aa,CRU);C(223aa,CRU);D(222aa,CRU)",A=223;B=223;C=223;D=222,False
6DQ0,2,A,226,228.0,True,CRO,True,"A(226aa,CRO);B(226aa,CRO)",A=226;B=226,False
6DQ1,1,A,231,233.0,True,CRO,False,"A(231aa,CRO)",A=231,False
6EFR,1,A,503,504.0,True,CRO,False,"A(503aa,CRO)",A=503,False
6FLL,1,A,223,224.0,True,GYS,False,"A(223aa,GYS)",A=223,False
6FP7,2,A,225,226.0,True,PIA,False,"A(225aa,PIA)",A=225;B=163,False
6FP8,2,A,216,217.0,True,PIA,False,"A(216aa,PIA)",A=216;B=167,False
6FWW,1,A,226,227.0,True,CRO,False,"A(226aa,CRO)",A=226,False
6GEL,2,A,530,532.0,True,CRF,True,"A(530aa,CRF);B(528aa,CRF)",A=530;B=528,False
6GEZ,2,B,532,534.0,True,CRF,True,"A(531aa,CRF);B(532aa,CRF)",A=531;B=532,False
6GO8,1,A,232,233.0,True,PIA,False,"A(232aa,PIA)",A=232,False
6GO9,1,A,232,233.0,True,PIA,False,"A(232aa,PIA)",A=232,False
6GOY,1,A,220,221.0,False,,False,,A=220,False
6GOZ,1,A,221,222.0,False,,False,,A=221,False
6GP0,1,A,221,224.0,True,RC7,False,"A(221aa,RC7)",A=221,False
6GP1,2,B,154,155.0,False,,False,,A=65;B=154,False
6GQG,1,A,227,228.0,True,PIA,False,"A(227aa,PIA)",A=227,False
6GQH,1,A,226,227.0,True,PIA,False,"A(226aa,PIA)",A=226,False
6GRM,1,A,225,226.0,True,PIA,False,"A(225aa,PIA)",A=225,False
6H01,4,A,231,232.0,False,,False,,A=231;B=230;C=230;D=230,False
6HR1,2,A,406,407.0,True,CR2,True,"A(406aa,CR2);B(401aa,CR2)",A=406;B=401,False
6HUT,1,A,241,242.0,True,CRO,False,"A(241aa,CRO)",A=241,False
6IR6,1,A,232,233.0,True,CRO,False,"A(232aa,CRO)",A=232,False
6IR7,1,A,231,232.0,True,CRO,False,"A(231aa,CRO)",A=231,False
6J1A,1,A,229,230.0,True,QYG,False,"A(229aa,QYG)",A=229,False
6J1B,1,A,229,230.0,True,QYG,False,"A(229aa,QYG)",A=229,False
6J1C,1,A,229,230.0,True,QYG,False,"A(229aa,QYG)",A=229,False
6JC6,8,B,221,222.0,False,,False,,A=220;B=221;C=220;D=220;E=219;F=219;G=219;H=219,False
6JGH,1,A,227,228.0,True,GYS,False,"A(227aa,GYS)",A=227,False
6JGI,1,A,227,228.0,True,CRO,False,"A(227aa,CRO)",A=227,False
6JGJ,1,A,227,228.0,True,GYS,False,"A(227aa,GYS)",A=227,False
6JXF,1,A,229,230.0,True,QYG,False,"A(229aa,QYG)",A=229,False
6KKZ,1,A,227,228.0,True,CRO,False,"A(227aa,CRO)",A=227,False
6KL0,1,A,227,228.0,True,CRO,False,"A(227aa,CRO)",A=227,False
6KL1,1,A,227,228.0,True,CRO,False,"A(227aa,CRO)",A=227,False
6KRG,1,A,218,220.0,True,CRO,False,"A(218aa,CRO)",A=218,False
6L02,1,A,227,228.0,False,,False,,A=227,False
6L27,1,A,226,227.0,True,GYS,False,"A(226aa,GYS)",A=226,False
6LNP,2,B,369,370.0,True,CRO,True,"B(369aa,CRO);D(362aa,CRO)",B=369;D=362,False
6LOF,4,A,162,163.0,True,CH7,True,"A(162aa,CH7);B(162aa,CH7)",C=60;A=162;D=61;B=162,False
6LR7,2,A,231,232.0,True,CRO,False,"A(231aa,CRO)",A=231;B=125,False
6M63,2,A,359,360.0,True,CRO,True,"A(359aa,CRO);B(358aa,CRO)",A=359;B=358,False
6M9X,4,A,215,216.0,False,,False,,A=215;B=215;C=215;D=215,False
6M9Y,4,B,163,163.0,False,,False,,A=57;B=163;C=57;D=163,False
6M9Z,2,A,218,219.0,True,CR2,True,"A(218aa,CR2);D(218aa,CR2)",A=218;D=218,False
6MAS,8,A,215,216.0,True,CR2,True,"A(215aa,CR2);B(215aa,CR2);C(215aa,CR2);D(215aa,CR2);E(215aa,CR2);F(215aa,CR2);G(215aa,CR2);H(215aa,CR2)",A=215;B=215;C=215;D=215;E=215;F=215;G=215;H=215,False
6MXW,8,A,215,216.0,True,GYC,True,"A(215aa,GYC);B(215aa,GYC);C(215aa,GYC);D(215aa,GYC);E(215aa,GYC);F(215aa,GYC);G(215aa,GYC);H(215aa,GYC)",A=215;B=215;C=215;D=215;E=215;F=215;G=215;H=215,False
6MYB,8,A,215,216.0,True,GYC,True,"A(215aa,GYC);B(215aa,GYC);C(215aa,GYC);D(215aa,GYC);E(215aa,GYC);F(215aa,GYC);G(215aa,GYC);H(215aa,GYC)",A=215;B=215;C=215;D=215;E=215;F=215;G=215;H=215,False
6MYC,8,A,214,215.0,True,GYC,True,"A(214aa,GYC);B(214aa,GYC);C(214aa,GYC);D(214aa,GYC);E(214aa,GYC);F(214aa,GYC);G(213aa,GYC);H(214aa,GYC)",A=214;B=214;C=214;D=214;E=214;F=214;G=213;H=214,False
6MZ3,1,A,219,220.0,True,CRO,False,"A(219aa,CRO)",A=219,False
6NQJ,4,A,223,224.0,True,GYC,True,"A(223aa,GYC);B(217aa,GYC);C(223aa,GYC);D(215aa,GYC)",A=223;B=217;C=223;D=215,False
6NQK,8,A,217,218.0,False,,False,,A=217;B=216;C=215;D=216;E=216;F=215;G=216;H=216,False
6NQL,8,A,216,217.0,False,,False,,A=216;B=216;C=216;D=216;E=215;F=215;G=216;H=216,False
6NQN,8,D,220,221.0,False,,False,,A=218;B=216;C=218;D=220;E=215;F=216;G=218;H=216,False
6NQO,8,A,220,221.0,False,,False,,A=220;B=216;C=216;D=215;E=218;F=220;G=220;H=216,False
6NQP,8,B,216,217.0,False,,False,,A=215;B=216;C=215;D=215;E=215;F=215;G=215;H=215,False
6NQQ,8,D,222,223.0,False,,False,,A=215;B=215;C=221;D=222;E=219;F=219;G=215;H=214,False
6NQR,8,G,221,222.0,False,,False,,A=216;B=216;C=217;D=214;E=215;F=216;G=221;H=216,False
6NQS,8,B,223,224.0,False,,False,,A=221;B=223;C=213;D=214;E=215;F=215;G=221;H=222,False
6NQV,8,A,216,217.0,False,,False,,A=216;B=214;C=215;D=214;E=216;F=216;G=216;H=216,False
6OA8,1,A,232,233.0,False,,False,,A=232,False
6OFK,2,B,228,229.0,True,CRO,True,"A(225aa,CRO);B(228aa,CRO)",A=225;B=228,False
6OFL,2,A,229,230.0,False,,False,,A=229;B=227,False
6OFM,2,B,237,238.0,False,,False,,A=229;B=237,False
6OFN,2,B,235,237.0,True,CRO,True,"A(223aa,CRO);B(235aa,CRO)",A=223;B=235,False
6OFO,2,A,223,224.0,True,GYS,True,"A(223aa,GYS);B(222aa,GYS)",A=223;B=222,False
6OG8,2,B,220,228.0,False,,False,,B=220;A=219,False
6OG9,2,B,226,227.0,False,,False,,B=226;A=224,False
6OGA,2,A,227,228.0,False,,False,,A=227;B=226,False
6OGB,2,A,228,229.0,False,,False,,A=228;B=225,False
6OGC,2,B,233,234.0,False,,False,,B=233;A=227,False
6PFR,1,A,239,240.0,True,OHD,False,"A(239aa,OHD)",A=239,False
6PFS,1,A,228,229.0,True,OHD,False,"A(228aa,OHD)",A=228,False
6PFT,1,A,240,241.0,True,OHD,False,"A(240aa,OHD)",A=240,False
6PFU,1,A,228,229.0,True,OHD,False,"A(228aa,OHD)",A=228,False
6QQ8,1,A,224,225.0,True,CRF,False,"A(224aa,CRF)",A=224,False
6QQ9,1,A,227,228.0,True,CRF,False,"A(227aa,CRF)",A=227,False
6QQA,1,A,229,230.0,True,CRF,False,"A(229aa,CRF)",A=229,False
6QQB,1,A,229,230.0,True,CRF,False,"A(229aa,CRF)",A=229,False
6QSL,1,A,214,215.0,True,PIA,False,"A(214aa,PIA)",A=214,False
6QSM,1,A,215,216.0,True,PIA,False,"A(215aa,PIA)",A=215,False
6QSO,1,A,213,214.0,True,PIA,False,"A(213aa,PIA)",A=213,False
6QUH,2,B,228,229.0,True,CRO,True,"B(228aa,CRO);E(228aa,CRO)",B=228;E=228,False
6QUI,2,B,228,229.0,True,CRO,True,"B(228aa,CRO);E(228aa,CRO)",B=228;E=228,False
6QUJ,2,B,228,229.0,True,CRO,True,"B(228aa,CRO);E(228aa,CRO)",B=228;E=228,False
6S67,4,A,223,224.0,True,CRO,True,"A(223aa,CRO);B(223aa,CRO);C(223aa,CRO);D(223aa,CRO)",A=223;B=223;C=223;D=223,False
6SM0,1,A,226,227.0,False,,False,,A=226,False
6T39,1,A,236,237.0,True,PIA,False,"A(236aa,PIA)",A=236,False
6T3A,1,A,236,237.0,True,PIA,False,"A(236aa,PIA)",A=236,False
6UHJ,1,A,225,226.0,True,CRO,False,"A(225aa,CRO)",A=225,False
6UHK,2,B,228,229.0,True,CRO,True,"A(225aa,CRO);B(228aa,CRO)",A=225;B=228,False
6UHL,2,A,224,225.0,True,CRO,True,"A(224aa,CRO);B(223aa,CRO)",A=224;B=223,False
6UHM,2,A,229,230.0,True,CRO,True,"A(229aa,CRO);B(226aa,CRO)",A=229;B=226,False
6UHN,2,A,224,225.0,True,CRO,True,"A(224aa,CRO);B(224aa,CRO)",A=224;B=224,False
6UHO,2,A,225,226.0,True,CRO,True,"A(225aa,CRO);B(225aa,CRO)",A=225;B=225,False
6UHP,2,A,224,225.0,True,CRO,True,"A(224aa,CRO);B(224aa,CRO)",A=224;B=224,False
6UHQ,1,A,230,231.0,True,CRO,False,"A(230aa,CRO)",A=230,False
6UHR,2,B,225,226.0,True,CRO,True,"A(224aa,CRO);B(225aa,CRO)",A=224;B=225,False
6UN4,1,A,245,247.0,True,OHD,False,"A(245aa,OHD)",A=245,False
6UN5,2,B,227,228.0,False,,False,,A=225;B=227,False
6UN6,2,B,230,231.0,False,,False,,A=224;B=230,False
6UN7,2,B,228,229.0,False,,False,,A=226;B=228,False
6VIO,8,A,226,227.0,True,CR2,True,"A(226aa,CR2);B(225aa,CR2);C(224aa,CR2);D(225aa,CR2);E(226aa,CR2);F(226aa,CR2);G(223aa,CR2);H(226aa,CR2)",A=226;B=225;C=224;D=225;E=226;F=226;G=223;H=226,False
6WV3,1,A,380,381.0,True,CRO,False,"A(380aa,CRO)",A=380,False
6WV4,1,A,363,364.0,True,CRO,False,"A(363aa,CRO)",A=363,False
6WV5,1,A,370,371.0,True,CRO,False,"A(370aa,CRO)",A=370,False
6WV6,1,A,381,382.0,True,CRO,False,"A(381aa,CRO)",A=381,False
6WV7,2,B,388,389.0,True,CRO,True,"A(380aa,CRO);B(388aa,CRO)",A=380;B=388,False
6WV8,1,A,394,395.0,True,CRO,False,"A(394aa,CRO)",A=394,False
6WV9,1,A,411,412.0,True,CRO,False,"A(411aa,CRO)",A=411,False
6WVA,1,A,411,412.0,True,CRO,False,"A(411aa,CRO)",A=411,False
6WVB,1,A,408,409.0,True,CRO,False,"A(408aa,CRO)",A=408,False
6WVD,1,A,397,398.0,True,CRO,False,"A(397aa,CRO)",A=397,False
6WVE,1,A,296,297.0,True,CRO,False,"A(296aa,CRO)",A=296,False
6WVF,1,A,386,387.0,True,CRO,False,"A(386aa,CRO)",A=386,False
6WVG,2,A,443,444.0,True,CRO,True,"A(443aa,CRO);B(440aa,CRO)",A=443;B=440,False
6WVH,2,B,388,389.0,True,CRO,True,"A(380aa,CRO);B(388aa,CRO)",A=380;B=388,False
6WVI,1,A,411,412.0,True,CRO,False,"A(411aa,CRO)",A=411,False
6XWY,4,A,217,218.0,True,NRQ,True,"A(217aa,NRQ);B(215aa,NRQ);C(217aa,NRQ);D(216aa,NRQ)",A=217;B=215;C=217;D=216,False
6XZF,2,A,225,226.0,True,CRO,False,"A(225aa,CRO)",A=225;B=126,False
6Y1G,4,A,221,222.0,True,CRU,True,"A(221aa,CRU);B(221aa,CRU);C(221aa,CRU);D(221aa,CRU)",A=221;B=221;C=221;D=221,False
6YLM,1,A,226,227.0,True,NRQ,False,"A(226aa,NRQ)",A=226,False
6YLS,1,A,219,220.0,False,,False,,A=219,False
6ZQO,1,A,229,230.0,True,CR2,False,"A(229aa,CR2)",A=229,False
6ZSM,1,A,398,399.0,True,PIA,False,"A(398aa,PIA)",A=398,False
6ZSN,1,A,397,398.0,True,PIA,False,"A(397aa,PIA)",A=397,False
6ZUI,1,A,420,421.0,True,CR2,False,"A(420aa,CR2)",A=420,False
7A7K,1,A,233,234.0,True,CRO,False,"A(233aa,CRO)",A=233,False
7A7L,1,A,230,231.0,True,CRO,False,"A(230aa,CRO)",A=230,False
7A7M,1,A,227,228.0,True,CRO,False,"A(227aa,CRO)",A=227,False
7A7N,1,A,227,228.0,True,CRO,False,"A(227aa,CRO)",A=227,False
7A7O,1,A,232,233.0,True,CRO,False,"A(232aa,CRO)",A=232,False
7A7P,1,A,227,228.0,True,CRO,False,"A(227aa,CRO)",A=227,False
7A7Q,1,A,221,222.0,True,CRO,False,"A(221aa,CRO)",A=221,False
7A7R,1,A,221,222.0,True,CRO,False,"A(221aa,CRO)",A=221,False
7A7S,1,A,226,227.0,True,CRO,False,"A(226aa,CRO)",A=226,False
7A7T,1,A,227,228.0,True,CRO,False,"A(227aa,CRO)",A=227,False
7A7U,1,A,223,224.0,True,CRO,False,"A(223aa,CRO)",A=223,False
7A7V,1,A,225,226.0,True,CRO,False,"A(225aa,CRO)",A=225,False
7A7W,1,A,227,228.0,True,CRO,False,"A(227aa,CRO)",A=227,False
7A7X,1,A,227,228.0,True,CRO,False,"A(227aa,CRO)",A=227,False
7A7Y,1,A,238,239.0,True,CRO,False,"A(238aa,CRO)",A=238,False
7A7Z,1,A,224,225.0,True,CRO,False,"A(224aa,CRO)",A=224,False
7A80,4,D,227,228.0,True,CRO,True,"A(226aa,CRO);B(226aa,CRO);C(226aa,CRO);D(227aa,CRO)",A=226;B=226;C=226;D=227,False
7A81,1,A,230,231.0,True,CRO,False,"A(230aa,CRO)",A=230,False
7A82,1,A,230,231.0,True,CRO,False,"A(230aa,CRO)",A=230,False
7A83,1,A,226,227.0,True,CRO,False,"A(226aa,CRO)",A=226,False
7A84,1,A,224,225.0,True,CRO,False,"A(224aa,CRO)",A=224,False
7A85,1,A,223,224.0,True,CRO,False,"A(223aa,CRO)",A=223,False
7A86,2,A,224,225.0,True,CRO,True,"A(224aa,CRO);B(224aa,CRO)",A=224;B=224,False
7A87,1,A,234,235.0,True,CRO,False,"A(234aa,CRO)",A=234,False
7A88,1,A,232,233.0,True,CRO,False,"A(232aa,CRO)",A=232,False
7A89,2,B,225,226.0,True,CRO,True,"A(224aa,CRO);B(225aa,CRO)",A=224;B=225,False
7A8A,1,A,231,232.0,True,CRO,False,"A(231aa,CRO)",A=231,False
7A8B,1,A,233,234.0,True,CRO,False,"A(233aa,CRO)",A=233,False
7A8C,1,A,225,226.0,True,CRO,False,"A(225aa,CRO)",A=225,False
7A8D,1,A,232,233.0,True,CRO,False,"A(232aa,CRO)",A=232,False
7A8E,1,A,228,229.0,True,CRO,False,"A(228aa,CRO)",A=228,False
7A8F,1,A,230,231.0,True,CRO,False,"A(230aa,CRO)",A=230,False
7A8G,2,A,223,224.0,True,CRO,True,"A(223aa,CRO);B(223aa,CRO)",A=223;B=223,False
7A8H,4,C,229,230.0,True,CRO,True,"A(224aa,CRO);B(226aa,CRO);C(229aa,CRO);D(228aa,CRO)",A=224;B=226;C=229;D=228,False
7A8I,4,B,228,229.0,True,CRO,True,"A(224aa,CRO);B(228aa,CRO);C(226aa,CRO);D(224aa,CRO)",A=224;B=228;C=226;D=224,False
7A8J,1,A,230,231.0,True,CRO,False,"A(230aa,CRO)",A=230,False
7A8K,1,A,224,225.0,True,CRO,False,"A(224aa,CRO)",A=224,False
7A8L,1,A,233,234.0,True,CRO,False,"A(233aa,CRO)",A=233,False
7A8M,1,A,233,234.0,True,CRO,False,"A(233aa,CRO)",A=233,False
7A8N,1,A,230,231.0,True,CRO,False,"A(230aa,CRO)",A=230,False
7A8O,1,A,232,233.0,True,CRO,False,"A(232aa,CRO)",A=232,False
7AMB,4,C,230,231.0,True,PIA,True,"A(229aa,PIA);B(228aa,PIA);C(230aa,PIA);D(229aa,PIA)",A=229;B=228;C=230;D=229,False
7AMF,4,C,234,235.0,True,PIA,True,"A(230aa,PIA);B(229aa,PIA);C(234aa,PIA);D(234aa,PIA)",A=230;B=229;C=234;D=234,False
7AMU,1,A,234,235.0,True,PIA,False,"A(234aa,PIA)",A=234,False
7BHG,2,A,222,223.0,False,,False,,A=222;B=222,False
7CAO,1,A,226,227.0,True,QYG,False,"A(226aa,QYG)",A=226,False
7CD7,4,B,235,236.0,True,CRO,True,"B(235aa,CRO);D(235aa,CRO)",B=235;D=235;A=99;C=99,False
7CD8,2,B,228,229.0,True,CRO,False,"B(228aa,CRO)",B=228;A=99,False
7DIG,8,A,218,219.0,True,CR8,True,"A(218aa,CR8);B(218aa,CR8);C(218aa,CR8);D(218aa,CR8);E(218aa,CR8);F(218aa,CR8);G(218aa,CR8);H(218aa,CR8)",A=218;B=218;C=218;D=218;E=218;F=218;G=218;H=218,False
7E53,2,A,226,227.0,True,CRO,False,"A(226aa,CRO)",A=226;B=126,False
7KM4,1,A,218,219.0,True,CRO,False,"A(218aa,CRO)",A=218,False
7LG4,1,A,227,228.0,True,GYS,False,"A(227aa,GYS)",A=227,False
7O7C,1,A,232,233.0,True,PIA,False,"A(232aa,PIA)",A=232,False
7O7D,1,A,231,232.0,True,PIA,False,"A(231aa,PIA)",A=231,False
7O7E,1,A,234,235.0,True,PIA,False,"A(234aa,PIA)",A=234,False
7O7H,1,A,236,237.0,True,PIA,False,"A(236aa,PIA)",A=236,False
7O7U,1,A,237,238.0,True,PIA,False,"A(237aa,PIA)",A=237,False
7O7V,1,A,242,243.0,True,PIA,False,"A(242aa,PIA)",A=242,False
7O7W,1,A,236,237.0,True,PIA,False,"A(236aa,PIA)",A=236,False
7O7X,1,A,234,235.0,True,PIA,False,"A(234aa,PIA)",A=234,False
7OIN,1,B,226,227.0,True,NRQ,False,"B(226aa,NRQ)",B=226,False
7PCA,1,A,228,229.0,True,CRO,False,"A(228aa,CRO)",A=228,False
7PCZ,2,A,235,236.0,True,CRO,True,"A(235aa,CRO);B(235aa,CRO)",A=235;B=235,False
7PD0,4,D,235,236.0,True,CRO,True,"A(227aa,CRO);B(227aa,CRO);C(234aa,CRO);D(235aa,CRO)",A=227;B=227;C=234;D=235,False
7PNN,1,A,228,229.0,True,CR2,False,"A(228aa,CR2)",A=228,False
7Q6B,1,A,221,222.0,False,,False,,A=221,False
7QGK,1,A,217,218.0,False,,False,,A=217,False
7QLI,1,A,216,217.0,True,PIA,False,"A(216aa,PIA)",A=216,False
7QLJ,1,A,219,220.0,True,PIA,False,"A(219aa,PIA)",A=219,False
7QLK,1,A,216,217.0,True,PIA,False,"A(216aa,PIA)",A=216,False
7QLL,1,A,218,219.0,True,PIA,False,"A(218aa,PIA)",A=218,False
7QLM,1,A,216,217.0,True,PIA,False,"A(216aa,PIA)",A=216,False
7QLN,1,A,216,217.0,True,PIA,False,"A(216aa,PIA)",A=216,False
7QLO,1,A,216,217.0,True,PIA,False,"A(216aa,PIA)",A=216,False
7RRH,6,A,215,216.0,True,GYC,True,"A(215aa,GYC);B(214aa,GYC);C(215aa,GYC);D(215aa,GYC);E(212aa,GYC);F(213aa,GYC)",A=215;B=214;C=215;D=215;E=212;F=213,False
7RRI,8,C,220,221.0,True,GYC,True,"A(215aa,GYC);B(215aa,GYC);C(220aa,GYC);D(219aa,GYC);E(218aa,GYC);F(218aa,GYC);G(215aa,GYC);H(215aa,GYC)",A=215;B=215;C=220;D=219;E=218;F=218;G=215;H=215,False
7RRJ,8,E,223,224.0,True,GYC,True,"A(216aa,GYC);B(214aa,GYC);C(218aa,GYC);D(222aa,GYC);E(223aa,GYC);F(222aa,GYC);G(215aa,GYC);H(214aa,GYC)",A=216;B=214;C=218;D=222;E=223;F=222;G=215;H=214,False
7RRK,8,H,221,222.0,True,GYC,True,"A(214aa,GYC);B(220aa,GYC);C(213aa,GYC);D(213aa,GYC);E(213aa,GYC);F(213aa,GYC);G(212aa,GYC);H(221aa,GYC)",A=214;B=220;C=213;D=213;E=213;F=213;G=212;H=221,False
7RY2,8,A,215,216.0,True,CH6,True,"A(215aa,CH6);B(214aa,CH6);C(215aa,CH6);D(214aa,CH6);E(215aa,NRQ);F(215aa,CH6);G(214aa,CH6);H(213aa,NRQ)",A=215;B=214;C=215;D=214;E=215;F=215;G=214;H=213,False
7SAH,2,A,226,227.0,True,CRO,False,"A(226aa,CRO)",A=226;B=127,False
7SAI,2,A,226,227.0,True,CRO,False,"A(226aa,CRO)",A=226;C=126,False
7SAJ,10,A,215,216.0,True,NRQ,True,"A(215aa,NRQ);C(215aa,NRQ);E(215aa,NRQ);G(215aa,NRQ);I(215aa,NRQ)",A=215;B=124;C=215;D=124;E=215;F=124;G=215;H=124;I=215;J=124,False
7SAK,2,A,225,226.0,True,NRQ,False,"A(225aa,NRQ)",A=225;B=119,False
7SAL,4,A,217,218.0,True,NRQ,True,"A(217aa,NRQ);B(217aa,NRQ)",A=217;B=217;C=121;D=121,False
7SF9,4,A,227,228.0,False,,False,,A=227;B=217;C=217;D=218,False
7SFA,4,B,221,222.0,False,,False,,A=215;B=221;C=216;D=217,False
7SWR,1,A,215,216.0,True,CRQ,False,"A(215aa,CRQ)",A=215,False
7SWS,8,A,217,218.0,True,CRQ,True,"A(217aa,CRQ);B(217aa,CRQ);C(217aa,CRQ);D(217aa,CRQ);E(217aa,CRQ);F(217aa,CRQ);G(217aa,CRQ);H(217aa,CRQ)",A=217;B=217;C=217;D=217;E=217;F=217;G=217;H=217,False
7SWT,4,A,221,222.0,True,NRQ,True,"A(221aa,NRQ);B(219aa,NRQ);C(219aa,NRQ);D(219aa,NRQ)",A=221;B=219;C=219;D=219,False
7SWU,4,A,216,217.0,False,,False,,A=216;B=216;C=216;D=214,False
7TSR,1,A,217,218.0,True,PIA,False,"A(217aa,PIA)",A=217,False
7TSS,1,A,217,218.0,True,PIA,False,"A(217aa,PIA)",A=217,False
7TSU,1,A,217,218.0,True,PIA,False,"A(217aa,PIA)",A=217,False
7TSV,1,A,217,218.0,True,PIA,False,"A(217aa,PIA)",A=217,False
7UGR,1,A,226,227.0,True,CR2,False,"A(226aa,CR2)",A=226,False
7UGS,1,A,226,227.0,True,CR2,False,"A(226aa,CR2)",A=226,False
7UGT,1,A,228,229.0,True,CR2,False,"A(228aa,CR2)",A=228,False
7VCM,2,A,371,372.0,True,CRO,True,"A(371aa,CRO);B(369aa,CRO)",A=371;B=369,False
7X2B,1,A,217,218.0,True,NRQ,False,"A(217aa,NRQ)",A=217,False
7Y40,2,A,214,215.0,True,CR2,True,"A(214aa,CR2);B(213aa,CR2)",A=214;B=213,False
7Y96,2,B,312,313.0,True,CRO,True,"A(309aa,CRO);B(312aa,CRO)",A=309;B=312,False
7YAO,2,A,216,217.0,True,CR2,True,"A(216aa,CR2);B(213aa,CR2)",A=216;B=213,False
7YEU,1,A,235,237.0,True,GYS,False,"A(235aa,GYS)",A=235,False
7YRE,4,B,213,214.0,True,CR2,True,"A(207aa,CR2);B(213aa,CR2);C(206aa,CR2);D(213aa,CR2)",A=207;B=213;C=206;D=213,False
7YV3,1,A,225,226.0,True,CRO,False,"A(225aa,CRO)",A=225,False
7YV5,1,A,224,225.0,True,CRO,False,"A(224aa,CRO)",A=224,False
7Z7O,4,A,227,228.0,False,,False,,A=227;B=226;C=220;D=214,False
7Z7P,8,C,226,227.0,False,,False,,A=225;B=222;C=226;D=226;E=219;F=220;G=218;H=219,False
7Z7Q,4,A,222,223.0,False,,False,,A=222;B=222;C=211;D=210,False
7ZCT,2,A,214,215.0,True,NRQ,True,"A(214aa,NRQ);B(214aa,NRQ)",A=214;B=214,False
8A6G,1,A,234,235.0,True,OHD,False,"A(234aa,OHD)",A=234,False
8A6N,1,A,234,235.0,True,OHD,False,"A(234aa,OHD)",A=234,False
8A6O,1,A,234,235.0,True,OHD,False,"A(234aa,OHD)",A=234,False
8A6P,1,A,234,235.0,True,OHD,False,"A(234aa,OHD)",A=234,False
8A6Q,1,A,234,235.0,True,OHD,False,"A(234aa,OHD)",A=234,False
8A6R,1,A,234,235.0,True,OHD,False,"A(234aa,OHD)",A=234,False
8A6S,1,A,234,235.0,True,OHD,False,"A(234aa,OHD)",A=234,False
8A7V,1,A,234,235.0,True,PIA,False,"A(234aa,PIA)",A=234,False
8A83,1,A,224,225.0,True,OHD,False,"A(224aa,OHD)",A=224,False
8AAB,1,A,219,219.0,False,,False,,A=219,False
8AHA,1,A,237,238.0,True,PIA,False,"A(237aa,PIA)",A=237,False
8AHB,1,A,235,236.0,True,PIA,False,"A(235aa,PIA)",A=235,False
8AM4,1,A,229,230.0,True,OHD,False,"A(229aa,OHD)",A=229,False
8ARM,1,A,219,220.0,True,NRQ,False,"A(219aa,NRQ)",A=219,False
8B65,1,A,219,221.0,False,,False,,A=219,False
8B6S,2,A,517,518.0,True,CRO,True,"A(517aa,CRO);B(516aa,CRO)",A=517;B=516,False
8B6T,2,A,516,517.0,True,CRO,True,"A(516aa,CRO);B(516aa,CRO)",A=516;B=516,False
8B7G,1,A,218,220.0,False,,False,,A=218,False
8BAN,4,C,251,244.0,False,,True,"A(244aa,CRO);B(243aa,CRO)",A=244;B=243;C=251;D=250,True
8BAV,4,C,264,243.0,False,,True,"A(243aa,CRO);B(243aa,CRO)",A=243;B=243;C=264;D=257,True
8BBJ,4,A,248,249.0,True,CRO,True,"A(248aa,CRO);B(248aa,CRO)",A=248;B=248;C=181;D=177,False
8BGL,2,A,215,218.0,False,,False,,A=215;B=215,False
8BVG,6,A,228,229.0,True,CR2,True,"A(228aa,CR2);B(227aa,CR2);C(227aa,CR2);D(227aa,CR2);E(228aa,CR2);F(228aa,CR2)",A=228;B=227;C=227;D=227;E=228;F=228,False
8BXP,2,A,231,232.0,True,CRO,True,"A(231aa,CRO);B(229aa,CRO)",A=231;B=229,False
8BXT,2,A,214,215.0,True,CR2,True,"A(214aa,CR2);B(213aa,CR2)",A=214;B=213,False
8C0N,4,A,219,220.0,False,,False,,A=219;B=219;C=218;D=218,False
8C0T,1,A,281,282.0,True,CR2,False,"A(281aa,CR2)",A=281,False
8C1X,4,A,230,231.0,True,CRO,True,"A(230aa,CRO);B(230aa,CRO);C(228aa,CRO);D(228aa,CRO)",A=230;B=230;C=228;D=228,False
8C7I,1,A,404,405.0,True,CRO,False,"A(404aa,CRO)",A=404,False
8DHR,2,A,224,226.0,True,CRO,True,"A(224aa,CRO);B(224aa,CRO)",A=224;B=224,False
8DPD,1,A,226,228.0,True,CRO,False,"A(226aa,CRO)",A=226,False
8DTA,1,A,234,235.0,True,CRO,False,"A(234aa,CRO)",A=234,False
8G0I,2,A,222,223.0,True,CR2,False,"A(222aa,CR2)",A=222;D=116,False
8GOS,2,A,214,215.0,True,NRQ,True,"A(214aa,NRQ);B(214aa,NRQ)",A=214;B=214,False
8GYF,2,B,214,215.0,True,CR2,True,"A(213aa,CR2);B(214aa,CR2)",A=213;B=214,False
8I4J,4,D,222,223.0,True,QYG,True,"A(220aa,QYG);B(220aa,QYG);C(221aa,QYG);D(222aa,QYG)",A=220;B=220;C=221;D=222,False
8IYY,1,A,236,237.0,True,CRO,False,"A(236aa,CRO)",A=236,False
8IYZ,1,A,224,225.0,True,CRF,False,"A(224aa,CRF)",A=224,False
8IZ0,1,A,227,228.0,True,GYS,False,"A(227aa,GYS)",A=227,False
8IZ1,1,A,227,228.0,True,CRO,False,"A(227aa,CRO)",A=227,False
8IZ2,1,A,230,231.0,True,CRO,False,"A(230aa,CRO)",A=230,False
8IZ3,1,A,226,227.0,True,CRO,False,"A(226aa,CRO)",A=226,False
8J2H,2,A,214,215.0,True,CR2,True,"A(214aa,CR2);B(214aa,CR2)",A=214;B=214,False
8J2I,2,A,214,215.0,True,CR2,True,"A(214aa,CR2);B(214aa,CR2)",A=214;B=214,False
8J2J,2,A,214,215.0,True,CR2,True,"A(214aa,CR2);B(214aa,CR2)",A=214;B=214,False
8J2K,2,A,214,215.0,True,CR2,True,"A(214aa,CR2);B(213aa,CR2)",A=214;B=213,False
8J2L,2,B,214,215.0,True,CR2,True,"A(213aa,CR2);B(214aa,CR2)",A=213;B=214,False
8J3J,2,A,214,215.0,True,CR2,True,"A(214aa,CR2);B(214aa,CR2)",A=214;B=214,False
8JKC,4,A,224,225.0,True,CRO,True,"A(224aa,CRO);B(224aa,CRO);C(224aa,CRO);D(224aa,CRO)",A=224;B=224;C=224;D=224,False
8JKG,4,A,224,225.0,True,CRO,True,"A(224aa,CRO);B(224aa,CRO);C(224aa,CRO);D(224aa,CRO)",A=224;B=224;C=224;D=224,False
8JKI,4,A,224,225.0,True,CRO,True,"A(224aa,CRO);B(224aa,CRO);C(224aa,CRO);D(224aa,CRO)",A=224;B=224;C=224;D=224,False
8JL2,4,A,224,225.0,True,CRO,True,"A(224aa,CRO);B(224aa,CRO);C(224aa,CRO);D(224aa,CRO)",A=224;B=224;C=224;D=224,False
8JL5,4,C,225,226.0,True,CRO,True,"A(223aa,CRO);B(224aa,CRO);C(225aa,CRO);D(223aa,CRO)",A=223;B=224;C=225;D=223,False
8JL6,4,A,222,223.0,True,CRO,True,"A(222aa,CRO);B(222aa,CRO);C(222aa,CRO);D(222aa,CRO)",A=222;B=222;C=222;D=222,False
8JL7,2,A,222,223.0,True,CRO,True,"A(222aa,CRO);B(222aa,CRO)",A=222;B=222,False
8JLL,4,A,222,223.0,True,CRO,True,"A(222aa,CRO);B(222aa,CRO);C(222aa,CRO);D(222aa,CRO)",A=222;B=222;C=222;D=222,False
8JLM,1,A,224,225.0,True,CRO,False,"A(224aa,CRO)",A=224,False
8JLS,1,A,224,225.0,True,CRO,False,"A(224aa,CRO)",A=224,False
8JLT,2,A,224,225.0,True,CRO,True,"A(224aa,CRO);B(224aa,CRO)",A=224;B=224,False
8JLU,4,A,224,225.0,True,CRO,True,"A(224aa,CRO);B(224aa,CRO);C(224aa,CRO);D(224aa,CRO)",A=224;B=224;C=224;D=224,False
8OSI,1,A,400,401.0,True,CR2,False,"A(400aa,CR2)",A=400,False
8OVN,1,A,503,504.0,True,CRO,False,"A(503aa,CRO)",A=503,False
8OVO,2,A,504,504.0,True,CRO,True,"A(504aa,CRO);B(502aa,CRO)",A=504;B=502,False
8OVP,2,A,500,500.0,True,CRO,True,"A(500aa,CRO);B(497aa,CRO)",A=500;B=497,False
8OVY,2,A,225,227.0,True,CRO,True,"A(225aa,CRO);B(225aa,CRO)",A=225;B=225,False
8Q6W,1,A,215,216.0,False,,False,,A=215,False
8Q79,2,B,215,216.0,True,CR2,True,"A(214aa,CR2);B(215aa,CR2)",A=214;B=215,False
8QBJ,2,A,216,217.0,True,CR2,True,"A(216aa,CR2);C(214aa,CR2)",A=216;C=214,False
8QDD,2,A,214,215.0,True,CR2,True,"A(214aa,CR2);C(214aa,CR2)",A=214;C=214,False
8QWJ,1,A,225,227.0,True,CRO,False,"A(225aa,CRO)",A=225,False
8RZZ,12,L,311,230.0,False,,True,"A(228aa,CRO);B(229aa,CRO);E(230aa,CRO);F(229aa,CRO);I(228aa,CRO);J(230aa,CRO)",A=228;B=229;C=307;D=310;E=230;F=229;G=307;H=308;I=228;J=230;K=307;L=311,True
8S0G,12,G,312,230.0,False,,True,"A(229aa,CRO);B(230aa,CRO);E(228aa,CRO);F(227aa,CRO);I(225aa,CRO);J(229aa,CRO)",A=229;B=230;C=306;D=309;E=228;F=227;G=312;H=308;I=225;J=229;K=307;L=308,True
8S1L,8,H,318,230.0,False,,True,"A(230aa,CRO);B(229aa,CRO);E(230aa,CRO);F(229aa,CRO)",A=230;B=229;C=316;D=308;E=230;F=229;G=308;H=318,True
8S1V,1,E,229,230.0,True,CRO,False,"E(229aa,CRO)",E=229,False
8SFS,4,B,225,226.0,True,CR2,True,"A(224aa,CR2);B(225aa,CR2)",A=224;B=225;D=130;C=129,False
8SFV,2,A,227,228.0,True,CR2,False,"A(227aa,CR2)",A=227;B=129,False
8SFX,4,B,227,228.0,True,CR2,True,"A(226aa,CR2);B(227aa,CR2)",A=226;B=227;D=120;C=119,False
8SFZ,6,D,227,228.0,True,CR2,True,"D(227aa,CR2);E(226aa,CRO);F(225aa,CR2)",C=129;A=123;B=128;D=227;E=226;F=225,False
8SG3,2,A,226,227.0,True,CR2,False,"A(226aa,CR2)",A=226;B=125,False
8SLC,4,A,228,229.0,True,CR2,True,"A(228aa,CR2);B(228aa,CR2)",A=228;B=228;C=127;D=127,False
8SMU,4,D,394,395.0,True,CRO,True,"A(393aa,CRO);B(393aa,CRO);C(392aa,CRO);D(394aa,CRO)",A=393;B=393;C=392;D=394,False
8SXC,1,A,229,230.0,True,NRQ,False,"A(229aa,NRQ)",A=229,False
8U20,2,A,210,211.0,True,C12,True,"A(210aa,C12);B(210aa,C12)",A=210;B=210,False
8U21,1,A,210,211.0,True,C12,False,"A(210aa,C12)",A=210,False
8U22,1,A,211,212.0,True,C12,False,"A(211aa,C12)",A=211,False
8U23,8,A,211,212.0,True,C12,True,"A(211aa,C12);B(211aa,C12);C(211aa,C12);D(211aa,C12);E(211aa,C12);F(211aa,C12);G(211aa,C12);H(211aa,C12)",A=211;B=211;C=211;D=211;E=211;F=211;G=211;H=211,False
8U24,1,A,211,212.0,True,C12,False,"A(211aa,C12)",A=211,False
8UL0,1,A,219,220.0,False,,False,,A=219,False
8UL1,2,1,217,218.0,True,PIA,True,"1(217aa,PIA);2(217aa,PIA)",1=217;2=217,False
8UL2,2,1,217,218.0,True,PIA,False,"1(217aa,PIA)",1=217;2=217,False
8UL3,2,1,217,218.0,True,PIA,False,"1(217aa,PIA)",1=217;2=217,False
8UL4,2,1,217,218.0,True,PIA,False,"1(217aa,PIA)",1=217;2=217,False
8UL5,2,1,217,218.0,True,PIA,False,"1(217aa,PIA)",1=217;2=217,False
8UQQ,1,A,223,224.0,True,CR2,False,"A(223aa,CR2)",A=223,False
8XC6,2,A,222,223.0,True,CRQ,True,"A(222aa,CRQ);B(222aa,CRQ)",A=222;B=222,False
8XLD,2,A,213,214.0,True,CR2,False,"A(213aa,CR2)",A=213;B=119,False
8YDO,4,A,217,218.0,True,GYC,True,"A(217aa,GYC);B(217aa,GYC);C(217aa,GYC);D(217aa,GYC)",A=217;B=217;C=217;D=217,False
8YQ4,2,B,213,214.0,True,CR2,True,"B(213aa,CR2);A(213aa,CR2)",B=213;A=213,False
8ZUP,1,A,227,228.0,True,GYS,False,"A(227aa,GYS)",A=227,False
8ZUQ,1,A,227,228.0,True,GYS,False,"A(227aa,GYS)",A=227,False
8ZUR,1,A,227,228.0,True,GYS,False,"A(227aa,GYS)",A=227,False
8ZUS,1,A,227,228.0,True,GYS,False,"A(227aa,GYS)",A=227,False
8ZUT,1,A,227,228.0,True,GYS,False,"A(227aa,GYS)",A=227,False
8ZXH,1,A,214,215.0,True,NRQ,False,"A(214aa,NRQ)",A=214,False
8ZXO,1,A,216,217.0,True,NRQ,False,"A(216aa,NRQ)",A=216,False
9BCF,3,B,340,341.0,True,CRO,True,"A(225aa,CRO);B(340aa,CRO);C(225aa,CRO)",A=225;B=340;C=225,False
9C74,1,A,224,225.0,False,,False,,A=224,False
9CJM,4,A,219,220.0,True,NRQ,True,"A(219aa,NRQ);B(219aa,NRQ);C(218aa,NRQ);D(216aa,NRQ)",A=219;B=219;C=218;D=216,False
9F22,2,A,228,229.0,True,CRO,False,"A(228aa,CRO)",A=228;B=155,False
9F23,4,C,227,228.0,True,CRO,True,"A(226aa,CRO);C(227aa,CRO)",A=226;B=125;C=227;D=124,False
9F24,2,A,231,232.0,True,CRO,False,"A(231aa,CRO)",A=231;C=123,False
9FEL,2,A,214,215.0,True,NRQ,True,"A(214aa,NRQ);L(214aa,NRQ)",A=214;L=214,False
9FEM,1,A,214,215.0,True,CR2,False,"A(214aa,CR2)",A=214,False
9FEN,1,A,228,229.0,True,CRF,False,"A(228aa,CRF)",A=228,False
9FEO,2,A,212,213.0,False,,False,,A=212;C=212,False
9FEQ,1,A,225,226.0,True,CRF,False,"A(225aa,CRF)",A=225,False
9FER,2,B,217,218.0,True,CH6,True,"A(216aa,CH6);B(217aa,CH6)",A=216;B=217,False
9FES,1,A,219,220.0,True,CH6,False,"A(219aa,CH6)",A=219,False
9FGI,2,B,229,230.0,True,CRF,True,"A(227aa,CRF);B(229aa,CRF)",A=227;B=229,False
9G7Q,2,A,214,215.0,False,,False,,A=214;B=213,False
9GA0,2,G,224,225.0,False,,False,,G=224;H=224,False
9GVR,1,A,217,218.0,False,,False,,A=217,False
9H25,1,A,218,221.0,False,,False,,A=218,False
9H26,1,A,219,221.0,False,,False,,A=219,False
9H27,1,A,218,220.0,False,,False,,A=218,False
9IRJ,1,A,215,216.0,True,CRO,False,"A(215aa,CRO)",A=215,False
9J0Q,1,A,218,219.0,False,,False,,A=218,False
9J0R,2,A,214,215.0,False,,False,,A=214;B=214,False
9J11,2,A,215,216.0,False,,False,,A=215;B=215,False
9JX2,1,A,214,217.0,False,,False,,A=214,False
9K8W,1,A,402,403.0,True,CR2,False,"A(402aa,CR2)",A=402,False
9K8X,1,A,397,398.0,True,CR2,False,"A(397aa,CR2)",A=397,False
9LPU,2,A,221,222.0,True,CRQ,True,"A(221aa,CRQ);B(221aa,CRQ)",A=221;B=221,False
9LSA,2,A,219,220.0,True,CRQ,True,"A(219aa,CRQ);B(219aa,CRQ)",A=219;B=219,False
9LSC,2,A,219,220.0,True,CRQ,True,"A(219aa,CRQ);B(219aa,CRQ)",A=219;B=219,False
9LSF,2,A,219,220.0,True,CRQ,True,"A(219aa,CRQ);B(219aa,CRQ)",A=219;B=219,False
9LSW,10,A,212,213.0,True,CRQ,True,"A(212aa,CRQ);B(212aa,CRQ);C(212aa,CRQ);D(211aa,CRQ);E(211aa,CRQ);F(211aa,CRQ);G(212aa,CRQ);H(212aa,CRQ);I(211aa,CRQ);J(211aa,CRQ)",A=212;B=212;C=212;D=211;E=211;F=211;G=212;H=212;I=211;J=211,False
9LYL,1,A,224,225.0,False,,False,,A=224,False
9MUS,2,A,225,226.0,True,SWG,True,"A(225aa,SWG);B(225aa,SWG)",A=225;B=225,False
9MUT,2,A,225,226.0,True,SWG,True,"A(225aa,SWG);B(225aa,SWG)",A=225;B=225,False
9MUU,3,C,233,234.0,True,SWG,True,"C(233aa,SWG);D(233aa,SWG);E(228aa,SWG)",C=233;D=233;E=228,False
9MUV,2,A,227,228.0,True,SWG,True,"A(227aa,SWG);B(225aa,SWG)",A=227;B=225,False
9R6H,2,A,459,460.0,True,C12,True,"A(459aa,C12);B(458aa,C12)",A=459;B=458,False
9TAD,1,A,217,218.0,True,GYC,False,"A(217aa,GYC)",A=217,False
9U9D,2,B,200,201.0,True,CRO,False,"B(200aa,CRO)",A=30;B=200,False
2ZO6,1,A,215,,True,GYS,False,"A(215aa,GYS)",A=215,False
2ZO7,1,A,219,,True,GYS,False,"A(219aa,GYS)",A=219,False
3BX9,2,A,224,,True,NRQ,True,"A(224aa,NRQ);B(224aa,NRQ)",A=224;B=224,False
3BXA,2,A,223,,True,NRQ,True,"A(223aa,NRQ);B(223aa,NRQ)",A=223;B=223,False
3BXB,8,A,222,,True,NRQ,True,"A(222aa,NRQ);B(222aa,NRQ);C(222aa,NRQ);D(222aa,NRQ);E(222aa,NRQ);F(222aa,NRQ);G(222aa,NRQ);H(222aa,NRQ)",A=222;B=222;C=222;D=222;E=222;F=222;G=222;H=222,False
3BXC,8,D,221,,True,NRQ,True,"A(218aa,NRQ);B(218aa,NRQ);C(218aa,NRQ);D(221aa,NRQ);E(218aa,NRQ);F(218aa,NRQ);G(218aa,NRQ);H(218aa,NRQ)",A=218;B=218;C=218;D=221;E=218;F=218;G=218;H=218,False
3LS3,4,D,224,,True,GYC,True,"A(215aa,GYC);B(214aa,GYC);C(213aa,GYC);D(224aa,GYC)",A=215;B=214;C=213;D=224,False
3LSA,4,D,224,,True,GYC,True,"A(213aa,GYC);B(213aa,GYC);C(213aa,GYC);D(224aa,GYC)",A=213;B=213;C=213;D=224,False
3ST2,3,A,236,,True,CR2,True,"A(236aa,CR2);B(225aa,CR2);C(233aa,CR2)",A=236;B=225;C=233,False
3ST3,3,A,236,,False,,False,,A=236;B=233;C=229,False
3ST4,3,A,236,,True,CR2,True,"A(236aa,CR2);B(233aa,CR2);C(226aa,CR2)",A=236;B=233;C=226,False
4ZIO,3,A,215,,True,CH6,True,"A(215aa,CH6);B(215aa,CH6);C(215aa,CH6)",A=215;B=215;C=215,False
5YT1,4,A,226,,True,NRQ,True,"A(226aa,NRQ);B(225aa,NRQ);C(225aa,NRQ);D(225aa,NRQ)",A=226;B=225;C=225;D=225,False
6S68,1,A,223,,True,PIA,False,"A(223aa,PIA)",A=223,False
6U1A,1,A,219,,True,NRQ,False,"A(219aa,NRQ)",A=219,False
6WEM,4,A,224,,True,NRQ,True,"A(224aa,NRQ);B(223aa,NRQ);C(222aa,NRQ);D(221aa,NRQ)",A=224;B=223;C=222;D=221,False
7DMX,4,D,215,,True,CR8,True,"A(210aa,CR8);B(209aa,CR8);C(207aa,CR8);D(215aa,CR8)",A=210;B=209;C=207;D=215,False
7DNA,8,A,213,,True,CR8,True,"A(213aa,CR8);B(213aa,CR8);D(209aa,CR8);K(212aa,CR8)",A=213;B=213;D=209;F=197;J=8;I=200;L=8;K=212,False
7LQO,1,A,228,,True,NRQ,False,"A(228aa,NRQ)",A=228,False
7LUG,1,A,223,,True,NRQ,False,"A(223aa,NRQ)",A=223,False
7RHA,2,A,220,,True,NRQ,True,"B(219aa,NRQ);A(220aa,NRQ)",B=219;A=220,False
7RHB,2,B,219,,True,NRQ,True,"B(219aa,NRQ);A(219aa,NRQ)",B=219;A=219,False
7RHC,2,A,219,,True,NRQ,True,"B(218aa,NRQ);A(219aa,NRQ)",B=218;A=219,False
8I4K,6,D,223,,True,NRQ,True,"A(220aa,NRQ);B(220aa,NRQ);C(220aa,NRQ);D(223aa,NRQ);E(220aa,NRQ);F(220aa,NRQ)",A=220;B=220;C=220;D=223;E=220;F=220,False
8PEI,2,A,215,,False,,False,,A=215;B=214,False
8WGP,2,A,217,,True,CRQ,True,"A(217aa,CRQ);B(217aa,CRQ)",A=217;B=217,False
8ZBO,2,C,212,,False,,False,,C=212;A=202,False
9LD5,1,A,230,,False,,False,,A=230,False
9LD8,1,A,231,,False,,False,,A=231,False
9LD9,1,A,226,,False,,False,,A=226,False
9S0T,2,A,223,,True,CRO,True,"A(223aa,CRO);B(217aa,CRO)",A=223;B=217,False
